,W,L,W/L%,GB,PS/G,PA/G,SRS,Year,Team
0,51,31,.622,—,111.8,104.5,7.02,1991,Boston Celtics*
1,51,31,.622,—,109.9,107.3,2.57,1991,Philadelphia 76ers*
2,48,34,.585,3.0,109.4,107.1,2.38,1991,Toronto Raptors*
3,44,38,.537,7.0,112.9,112.1,0.82,1991,Brooklyn Nets*
4,37,45,.451,14.0,106.5,106.6,-0.01,1991,New York Knicks
5,Central Division,Central Division,Central Division,Central Division,Central Division,Central Division,Central Division,1991,Central Division
6,51,31,.622,—,115.5,112.1,3.22,1991,Milwaukee Bucks*
7,46,36,.561,5.0,111.6,112.0,-0.38,1991,Chicago Bulls*
8,44,38,.537,7.0,107.8,105.7,2.04,1991,Cleveland Cavaliers
9,25,57,.305,26.0,111.5,114.9,-3.26,1991,Indiana Pacers
10,23,59,.280,28.0,104.8,112.5,-7.36,1991,Detroit Pistons
11,Southeast Division,Southeast Division,Southeast Division,Southeast Division,Southeast Division,Southeast Division,Southeast Division,1991,Southeast Division
12,53,29,.646,—,110.0,105.6,4.23,1991,Miami Heat*
13,43,39,.524,10.0,113.9,112.4,1.55,1991,Atlanta Hawks*
14,43,39,.524,10.0,115.3,114.9,0.53,1991,Charlotte Hornets
15,35,47,.427,18.0,108.6,112.0,-3.23,1991,Washington Wizards
16,22,60,.268,31.0,104.2,112.2,-7.67,1991,Orlando Magic
0,Northwest Division,Northwest Division,Northwest Division,Northwest Division,Northwest Division,Northwest Division,Northwest Division,1991,Northwest Division
1,49,33,.598,—,113.6,107.6,5.67,1991,Utah Jazz*
2,48,34,.585,1.0,112.7,110.4,2.16,1991,Denver Nuggets*
3,46,36,.561,3.0,115.9,113.3,2.53,1991,Minnesota Timberwolves*
4,27,55,.329,22.0,106.2,115.1,-8.55,1991,Portland Trail Blazers
5,24,58,.293,25.0,103.7,111.8,-7.90,1991,Oklahoma City Thunder
6,Pacific Division,Pacific Division,Pacific Division,Pacific Division,Pacific Division,Pacific Division,Pacific Division,1991,Pacific Division
7,64,18,.780,—,114.8,107.3,6.94,1991,Phoenix Suns*
8,53,29,.646,11.0,111.0,105.5,5.52,1991,Golden State Warriors*
9,42,40,.512,22.0,108.4,108.4,0.09,1991,Los Angeles Clippers
10,33,49,.402,31.0,112.1,115.1,-3.08,1991,Los Angeles Lakers
11,30,52,.366,34.0,110.3,115.8,-5.26,1991,Sacramento Kings
12,Southwest Division,Southwest Division,Southwest Division,Southwest Division,Southwest Division,Southwest Division,Southwest Division,1991,Southwest Division
13,56,26,.683,—,115.6,109.9,5.37,1991,Memphis Grizzlies*
14,52,30,.634,4.0,108.0,104.7,3.12,1991,Dallas Mavericks*
15,36,46,.439,20.0,109.3,110.3,-0.84,1991,New Orleans Pelicans*
16,34,48,.415,22.0,113.2,113.0,0.02,1991,San Antonio Spurs
17,20,62,.244,36.0,109.7,118.2,-8.26,1991,Houston Rockets
0,51,31,.622,—,111.8,104.5,7.02,1992,Boston Celtics*
1,51,31,.622,—,109.9,107.3,2.57,1992,Philadelphia 76ers*
2,48,34,.585,3.0,109.4,107.1,2.38,1992,Toronto Raptors*
3,44,38,.537,7.0,112.9,112.1,0.82,1992,Brooklyn Nets*
4,37,45,.451,14.0,106.5,106.6,-0.01,1992,New York Knicks
5,Central Division,Central Division,Central Division,Central Division,Central Division,Central Division,Central Division,1992,Central Division
6,51,31,.622,—,115.5,112.1,3.22,1992,Milwaukee Bucks*
7,46,36,.561,5.0,111.6,112.0,-0.38,1992,Chicago Bulls*
8,44,38,.537,7.0,107.8,105.7,2.04,1992,Cleveland Cavaliers
9,25,57,.305,26.0,111.5,114.9,-3.26,1992,Indiana Pacers
10,23,59,.280,28.0,104.8,112.5,-7.36,1992,Detroit Pistons
11,Southeast Division,Southeast Division,Southeast Division,Southeast Division,Southeast Division,Southeast Division,Southeast Division,1992,Southeast Division
12,53,29,.646,—,110.0,105.6,4.23,1992,Miami Heat*
13,43,39,.524,10.0,113.9,112.4,1.55,1992,Atlanta Hawks*
14,43,39,.524,10.0,115.3,114.9,0.53,1992,Charlotte Hornets
15,35,47,.427,18.0,108.6,112.0,-3.23,1992,Washington Wizards
16,22,60,.268,31.0,104.2,112.2,-7.67,1992,Orlando Magic
0,Northwest Division,Northwest Division,Northwest Division,Northwest Division,Northwest Division,Northwest Division,Northwest Division,1992,Northwest Division
1,49,33,.598,—,113.6,107.6,5.67,1992,Utah Jazz*
2,48,34,.585,1.0,112.7,110.4,2.16,1992,Denver Nuggets*
3,46,36,.561,3.0,115.9,113.3,2.53,1992,Minnesota Timberwolves*
4,27,55,.329,22.0,106.2,115.1,-8.55,1992,Portland Trail Blazers
5,24,58,.293,25.0,103.7,111.8,-7.90,1992,Oklahoma City Thunder
6,Pacific Division,Pacific Division,Pacific Division,Pacific Division,Pacific Division,Pacific Division,Pacific Division,1992,Pacific Division
7,64,18,.780,—,114.8,107.3,6.94,1992,Phoenix Suns*
8,53,29,.646,11.0,111.0,105.5,5.52,1992,Golden State Warriors*
9,42,40,.512,22.0,108.4,108.4,0.09,1992,Los Angeles Clippers
10,33,49,.402,31.0,112.1,115.1,-3.08,1992,Los Angeles Lakers
11,30,52,.366,34.0,110.3,115.8,-5.26,1992,Sacramento Kings
12,Southwest Division,Southwest Division,Southwest Division,Southwest Division,Southwest Division,Southwest Division,Southwest Division,1992,Southwest Division
13,56,26,.683,—,115.6,109.9,5.37,1992,Memphis Grizzlies*
14,52,30,.634,4.0,108.0,104.7,3.12,1992,Dallas Mavericks*
15,36,46,.439,20.0,109.3,110.3,-0.84,1992,New Orleans Pelicans*
16,34,48,.415,22.0,113.2,113.0,0.02,1992,San Antonio Spurs
17,20,62,.244,36.0,109.7,118.2,-8.26,1992,Houston Rockets
0,51,31,.622,—,111.8,104.5,7.02,1993,Boston Celtics*
1,51,31,.622,—,109.9,107.3,2.57,1993,Philadelphia 76ers*
2,48,34,.585,3.0,109.4,107.1,2.38,1993,Toronto Raptors*
3,44,38,.537,7.0,112.9,112.1,0.82,1993,Brooklyn Nets*
4,37,45,.451,14.0,106.5,106.6,-0.01,1993,New York Knicks
5,Central Division,Central Division,Central Division,Central Division,Central Division,Central Division,Central Division,1993,Central Division
6,51,31,.622,—,115.5,112.1,3.22,1993,Milwaukee Bucks*
7,46,36,.561,5.0,111.6,112.0,-0.38,1993,Chicago Bulls*
8,44,38,.537,7.0,107.8,105.7,2.04,1993,Cleveland Cavaliers
9,25,57,.305,26.0,111.5,114.9,-3.26,1993,Indiana Pacers
10,23,59,.280,28.0,104.8,112.5,-7.36,1993,Detroit Pistons
11,Southeast Division,Southeast Division,Southeast Division,Southeast Division,Southeast Division,Southeast Division,Southeast Division,1993,Southeast Division
12,53,29,.646,—,110.0,105.6,4.23,1993,Miami Heat*
13,43,39,.524,10.0,113.9,112.4,1.55,1993,Atlanta Hawks*
14,43,39,.524,10.0,115.3,114.9,0.53,1993,Charlotte Hornets
15,35,47,.427,18.0,108.6,112.0,-3.23,1993,Washington Wizards
16,22,60,.268,31.0,104.2,112.2,-7.67,1993,Orlando Magic
0,Northwest Division,Northwest Division,Northwest Division,Northwest Division,Northwest Division,Northwest Division,Northwest Division,1993,Northwest Division
1,49,33,.598,—,113.6,107.6,5.67,1993,Utah Jazz*
2,48,34,.585,1.0,112.7,110.4,2.16,1993,Denver Nuggets*
3,46,36,.561,3.0,115.9,113.3,2.53,1993,Minnesota Timberwolves*
4,27,55,.329,22.0,106.2,115.1,-8.55,1993,Portland Trail Blazers
5,24,58,.293,25.0,103.7,111.8,-7.90,1993,Oklahoma City Thunder
6,Pacific Division,Pacific Division,Pacific Division,Pacific Division,Pacific Division,Pacific Division,Pacific Division,1993,Pacific Division
7,64,18,.780,—,114.8,107.3,6.94,1993,Phoenix Suns*
8,53,29,.646,11.0,111.0,105.5,5.52,1993,Golden State Warriors*
9,42,40,.512,22.0,108.4,108.4,0.09,1993,Los Angeles Clippers
10,33,49,.402,31.0,112.1,115.1,-3.08,1993,Los Angeles Lakers
11,30,52,.366,34.0,110.3,115.8,-5.26,1993,Sacramento Kings
12,Southwest Division,Southwest Division,Southwest Division,Southwest Division,Southwest Division,Southwest Division,Southwest Division,1993,Southwest Division
13,56,26,.683,—,115.6,109.9,5.37,1993,Memphis Grizzlies*
14,52,30,.634,4.0,108.0,104.7,3.12,1993,Dallas Mavericks*
15,36,46,.439,20.0,109.3,110.3,-0.84,1993,New Orleans Pelicans*
16,34,48,.415,22.0,113.2,113.0,0.02,1993,San Antonio Spurs
17,20,62,.244,36.0,109.7,118.2,-8.26,1993,Houston Rockets
0,51,31,.622,—,111.8,104.5,7.02,1994,Boston Celtics*
1,51,31,.622,—,109.9,107.3,2.57,1994,Philadelphia 76ers*
2,48,34,.585,3.0,109.4,107.1,2.38,1994,Toronto Raptors*
3,44,38,.537,7.0,112.9,112.1,0.82,1994,Brooklyn Nets*
4,37,45,.451,14.0,106.5,106.6,-0.01,1994,New York Knicks
5,Central Division,Central Division,Central Division,Central Division,Central Division,Central Division,Central Division,1994,Central Division
6,51,31,.622,—,115.5,112.1,3.22,1994,Milwaukee Bucks*
7,46,36,.561,5.0,111.6,112.0,-0.38,1994,Chicago Bulls*
8,44,38,.537,7.0,107.8,105.7,2.04,1994,Cleveland Cavaliers
9,25,57,.305,26.0,111.5,114.9,-3.26,1994,Indiana Pacers
10,23,59,.280,28.0,104.8,112.5,-7.36,1994,Detroit Pistons
11,Southeast Division,Southeast Division,Southeast Division,Southeast Division,Southeast Division,Southeast Division,Southeast Division,1994,Southeast Division
12,53,29,.646,—,110.0,105.6,4.23,1994,Miami Heat*
13,43,39,.524,10.0,113.9,112.4,1.55,1994,Atlanta Hawks*
14,43,39,.524,10.0,115.3,114.9,0.53,1994,Charlotte Hornets
15,35,47,.427,18.0,108.6,112.0,-3.23,1994,Washington Wizards
16,22,60,.268,31.0,104.2,112.2,-7.67,1994,Orlando Magic
0,Northwest Division,Northwest Division,Northwest Division,Northwest Division,Northwest Division,Northwest Division,Northwest Division,1994,Northwest Division
1,49,33,.598,—,113.6,107.6,5.67,1994,Utah Jazz*
2,48,34,.585,1.0,112.7,110.4,2.16,1994,Denver Nuggets*
3,46,36,.561,3.0,115.9,113.3,2.53,1994,Minnesota Timberwolves*
4,27,55,.329,22.0,106.2,115.1,-8.55,1994,Portland Trail Blazers
5,24,58,.293,25.0,103.7,111.8,-7.90,1994,Oklahoma City Thunder
6,Pacific Division,Pacific Division,Pacific Division,Pacific Division,Pacific Division,Pacific Division,Pacific Division,1994,Pacific Division
7,64,18,.780,—,114.8,107.3,6.94,1994,Phoenix Suns*
8,53,29,.646,11.0,111.0,105.5,5.52,1994,Golden State Warriors*
9,42,40,.512,22.0,108.4,108.4,0.09,1994,Los Angeles Clippers
10,33,49,.402,31.0,112.1,115.1,-3.08,1994,Los Angeles Lakers
11,30,52,.366,34.0,110.3,115.8,-5.26,1994,Sacramento Kings
12,Southwest Division,Southwest Division,Southwest Division,Southwest Division,Southwest Division,Southwest Division,Southwest Division,1994,Southwest Division
13,56,26,.683,—,115.6,109.9,5.37,1994,Memphis Grizzlies*
14,52,30,.634,4.0,108.0,104.7,3.12,1994,Dallas Mavericks*
15,36,46,.439,20.0,109.3,110.3,-0.84,1994,New Orleans Pelicans*
16,34,48,.415,22.0,113.2,113.0,0.02,1994,San Antonio Spurs
17,20,62,.244,36.0,109.7,118.2,-8.26,1994,Houston Rockets
0,51,31,.622,—,111.8,104.5,7.02,1995,Boston Celtics*
1,51,31,.622,—,109.9,107.3,2.57,1995,Philadelphia 76ers*
2,48,34,.585,3.0,109.4,107.1,2.38,1995,Toronto Raptors*
3,44,38,.537,7.0,112.9,112.1,0.82,1995,Brooklyn Nets*
4,37,45,.451,14.0,106.5,106.6,-0.01,1995,New York Knicks
5,Central Division,Central Division,Central Division,Central Division,Central Division,Central Division,Central Division,1995,Central Division
6,51,31,.622,—,115.5,112.1,3.22,1995,Milwaukee Bucks*
7,46,36,.561,5.0,111.6,112.0,-0.38,1995,Chicago Bulls*
8,44,38,.537,7.0,107.8,105.7,2.04,1995,Cleveland Cavaliers
9,25,57,.305,26.0,111.5,114.9,-3.26,1995,Indiana Pacers
10,23,59,.280,28.0,104.8,112.5,-7.36,1995,Detroit Pistons
11,Southeast Division,Southeast Division,Southeast Division,Southeast Division,Southeast Division,Southeast Division,Southeast Division,1995,Southeast Division
12,53,29,.646,—,110.0,105.6,4.23,1995,Miami Heat*
13,43,39,.524,10.0,113.9,112.4,1.55,1995,Atlanta Hawks*
14,43,39,.524,10.0,115.3,114.9,0.53,1995,Charlotte Hornets
15,35,47,.427,18.0,108.6,112.0,-3.23,1995,Washington Wizards
16,22,60,.268,31.0,104.2,112.2,-7.67,1995,Orlando Magic
0,Northwest Division,Northwest Division,Northwest Division,Northwest Division,Northwest Division,Northwest Division,Northwest Division,1995,Northwest Division
1,49,33,.598,—,113.6,107.6,5.67,1995,Utah Jazz*
2,48,34,.585,1.0,112.7,110.4,2.16,1995,Denver Nuggets*
3,46,36,.561,3.0,115.9,113.3,2.53,1995,Minnesota Timberwolves*
4,27,55,.329,22.0,106.2,115.1,-8.55,1995,Portland Trail Blazers
5,24,58,.293,25.0,103.7,111.8,-7.90,1995,Oklahoma City Thunder
6,Pacific Division,Pacific Division,Pacific Division,Pacific Division,Pacific Division,Pacific Division,Pacific Division,1995,Pacific Division
7,64,18,.780,—,114.8,107.3,6.94,1995,Phoenix Suns*
8,53,29,.646,11.0,111.0,105.5,5.52,1995,Golden State Warriors*
9,42,40,.512,22.0,108.4,108.4,0.09,1995,Los Angeles Clippers
10,33,49,.402,31.0,112.1,115.1,-3.08,1995,Los Angeles Lakers
11,30,52,.366,34.0,110.3,115.8,-5.26,1995,Sacramento Kings
12,Southwest Division,Southwest Division,Southwest Division,Southwest Division,Southwest Division,Southwest Division,Southwest Division,1995,Southwest Division
13,56,26,.683,—,115.6,109.9,5.37,1995,Memphis Grizzlies*
14,52,30,.634,4.0,108.0,104.7,3.12,1995,Dallas Mavericks*
15,36,46,.439,20.0,109.3,110.3,-0.84,1995,New Orleans Pelicans*
16,34,48,.415,22.0,113.2,113.0,0.02,1995,San Antonio Spurs
17,20,62,.244,36.0,109.7,118.2,-8.26,1995,Houston Rockets
0,51,31,.622,—,111.8,104.5,7.02,1996,Boston Celtics*
1,51,31,.622,—,109.9,107.3,2.57,1996,Philadelphia 76ers*
2,48,34,.585,3.0,109.4,107.1,2.38,1996,Toronto Raptors*
3,44,38,.537,7.0,112.9,112.1,0.82,1996,Brooklyn Nets*
4,37,45,.451,14.0,106.5,106.6,-0.01,1996,New York Knicks
5,Central Division,Central Division,Central Division,Central Division,Central Division,Central Division,Central Division,1996,Central Division
6,51,31,.622,—,115.5,112.1,3.22,1996,Milwaukee Bucks*
7,46,36,.561,5.0,111.6,112.0,-0.38,1996,Chicago Bulls*
8,44,38,.537,7.0,107.8,105.7,2.04,1996,Cleveland Cavaliers
9,25,57,.305,26.0,111.5,114.9,-3.26,1996,Indiana Pacers
10,23,59,.280,28.0,104.8,112.5,-7.36,1996,Detroit Pistons
11,Southeast Division,Southeast Division,Southeast Division,Southeast Division,Southeast Division,Southeast Division,Southeast Division,1996,Southeast Division
12,53,29,.646,—,110.0,105.6,4.23,1996,Miami Heat*
13,43,39,.524,10.0,113.9,112.4,1.55,1996,Atlanta Hawks*
14,43,39,.524,10.0,115.3,114.9,0.53,1996,Charlotte Hornets
15,35,47,.427,18.0,108.6,112.0,-3.23,1996,Washington Wizards
16,22,60,.268,31.0,104.2,112.2,-7.67,1996,Orlando Magic
0,Northwest Division,Northwest Division,Northwest Division,Northwest Division,Northwest Division,Northwest Division,Northwest Division,1996,Northwest Division
1,49,33,.598,—,113.6,107.6,5.67,1996,Utah Jazz*
2,48,34,.585,1.0,112.7,110.4,2.16,1996,Denver Nuggets*
3,46,36,.561,3.0,115.9,113.3,2.53,1996,Minnesota Timberwolves*
4,27,55,.329,22.0,106.2,115.1,-8.55,1996,Portland Trail Blazers
5,24,58,.293,25.0,103.7,111.8,-7.90,1996,Oklahoma City Thunder
6,Pacific Division,Pacific Division,Pacific Division,Pacific Division,Pacific Division,Pacific Division,Pacific Division,1996,Pacific Division
7,64,18,.780,—,114.8,107.3,6.94,1996,Phoenix Suns*
8,53,29,.646,11.0,111.0,105.5,5.52,1996,Golden State Warriors*
9,42,40,.512,22.0,108.4,108.4,0.09,1996,Los Angeles Clippers
10,33,49,.402,31.0,112.1,115.1,-3.08,1996,Los Angeles Lakers
11,30,52,.366,34.0,110.3,115.8,-5.26,1996,Sacramento Kings
12,Southwest Division,Southwest Division,Southwest Division,Southwest Division,Southwest Division,Southwest Division,Southwest Division,1996,Southwest Division
13,56,26,.683,—,115.6,109.9,5.37,1996,Memphis Grizzlies*
14,52,30,.634,4.0,108.0,104.7,3.12,1996,Dallas Mavericks*
15,36,46,.439,20.0,109.3,110.3,-0.84,1996,New Orleans Pelicans*
16,34,48,.415,22.0,113.2,113.0,0.02,1996,San Antonio Spurs
17,20,62,.244,36.0,109.7,118.2,-8.26,1996,Houston Rockets
0,51,31,.622,—,111.8,104.5,7.02,1997,Boston Celtics*
1,51,31,.622,—,109.9,107.3,2.57,1997,Philadelphia 76ers*
2,48,34,.585,3.0,109.4,107.1,2.38,1997,Toronto Raptors*
3,44,38,.537,7.0,112.9,112.1,0.82,1997,Brooklyn Nets*
4,37,45,.451,14.0,106.5,106.6,-0.01,1997,New York Knicks
5,Central Division,Central Division,Central Division,Central Division,Central Division,Central Division,Central Division,1997,Central Division
6,51,31,.622,—,115.5,112.1,3.22,1997,Milwaukee Bucks*
7,46,36,.561,5.0,111.6,112.0,-0.38,1997,Chicago Bulls*
8,44,38,.537,7.0,107.8,105.7,2.04,1997,Cleveland Cavaliers
9,25,57,.305,26.0,111.5,114.9,-3.26,1997,Indiana Pacers
10,23,59,.280,28.0,104.8,112.5,-7.36,1997,Detroit Pistons
11,Southeast Division,Southeast Division,Southeast Division,Southeast Division,Southeast Division,Southeast Division,Southeast Division,1997,Southeast Division
12,53,29,.646,—,110.0,105.6,4.23,1997,Miami Heat*
13,43,39,.524,10.0,113.9,112.4,1.55,1997,Atlanta Hawks*
14,43,39,.524,10.0,115.3,114.9,0.53,1997,Charlotte Hornets
15,35,47,.427,18.0,108.6,112.0,-3.23,1997,Washington Wizards
16,22,60,.268,31.0,104.2,112.2,-7.67,1997,Orlando Magic
0,Northwest Division,Northwest Division,Northwest Division,Northwest Division,Northwest Division,Northwest Division,Northwest Division,1997,Northwest Division
1,49,33,.598,—,113.6,107.6,5.67,1997,Utah Jazz*
2,48,34,.585,1.0,112.7,110.4,2.16,1997,Denver Nuggets*
3,46,36,.561,3.0,115.9,113.3,2.53,1997,Minnesota Timberwolves*
4,27,55,.329,22.0,106.2,115.1,-8.55,1997,Portland Trail Blazers
5,24,58,.293,25.0,103.7,111.8,-7.90,1997,Oklahoma City Thunder
6,Pacific Division,Pacific Division,Pacific Division,Pacific Division,Pacific Division,Pacific Division,Pacific Division,1997,Pacific Division
7,64,18,.780,—,114.8,107.3,6.94,1997,Phoenix Suns*
8,53,29,.646,11.0,111.0,105.5,5.52,1997,Golden State Warriors*
9,42,40,.512,22.0,108.4,108.4,0.09,1997,Los Angeles Clippers
10,33,49,.402,31.0,112.1,115.1,-3.08,1997,Los Angeles Lakers
11,30,52,.366,34.0,110.3,115.8,-5.26,1997,Sacramento Kings
12,Southwest Division,Southwest Division,Southwest Division,Southwest Division,Southwest Division,Southwest Division,Southwest Division,1997,Southwest Division
13,56,26,.683,—,115.6,109.9,5.37,1997,Memphis Grizzlies*
14,52,30,.634,4.0,108.0,104.7,3.12,1997,Dallas Mavericks*
15,36,46,.439,20.0,109.3,110.3,-0.84,1997,New Orleans Pelicans*
16,34,48,.415,22.0,113.2,113.0,0.02,1997,San Antonio Spurs
17,20,62,.244,36.0,109.7,118.2,-8.26,1997,Houston Rockets
0,51,31,.622,—,111.8,104.5,7.02,1998,Boston Celtics*
1,51,31,.622,—,109.9,107.3,2.57,1998,Philadelphia 76ers*
2,48,34,.585,3.0,109.4,107.1,2.38,1998,Toronto Raptors*
3,44,38,.537,7.0,112.9,112.1,0.82,1998,Brooklyn Nets*
4,37,45,.451,14.0,106.5,106.6,-0.01,1998,New York Knicks
5,Central Division,Central Division,Central Division,Central Division,Central Division,Central Division,Central Division,1998,Central Division
6,51,31,.622,—,115.5,112.1,3.22,1998,Milwaukee Bucks*
7,46,36,.561,5.0,111.6,112.0,-0.38,1998,Chicago Bulls*
8,44,38,.537,7.0,107.8,105.7,2.04,1998,Cleveland Cavaliers
9,25,57,.305,26.0,111.5,114.9,-3.26,1998,Indiana Pacers
10,23,59,.280,28.0,104.8,112.5,-7.36,1998,Detroit Pistons
11,Southeast Division,Southeast Division,Southeast Division,Southeast Division,Southeast Division,Southeast Division,Southeast Division,1998,Southeast Division
12,53,29,.646,—,110.0,105.6,4.23,1998,Miami Heat*
13,43,39,.524,10.0,113.9,112.4,1.55,1998,Atlanta Hawks*
14,43,39,.524,10.0,115.3,114.9,0.53,1998,Charlotte Hornets
15,35,47,.427,18.0,108.6,112.0,-3.23,1998,Washington Wizards
16,22,60,.268,31.0,104.2,112.2,-7.67,1998,Orlando Magic
0,Northwest Division,Northwest Division,Northwest Division,Northwest Division,Northwest Division,Northwest Division,Northwest Division,1998,Northwest Division
1,49,33,.598,—,113.6,107.6,5.67,1998,Utah Jazz*
2,48,34,.585,1.0,112.7,110.4,2.16,1998,Denver Nuggets*
3,46,36,.561,3.0,115.9,113.3,2.53,1998,Minnesota Timberwolves*
4,27,55,.329,22.0,106.2,115.1,-8.55,1998,Portland Trail Blazers
5,24,58,.293,25.0,103.7,111.8,-7.90,1998,Oklahoma City Thunder
6,Pacific Division,Pacific Division,Pacific Division,Pacific Division,Pacific Division,Pacific Division,Pacific Division,1998,Pacific Division
7,64,18,.780,—,114.8,107.3,6.94,1998,Phoenix Suns*
8,53,29,.646,11.0,111.0,105.5,5.52,1998,Golden State Warriors*
9,42,40,.512,22.0,108.4,108.4,0.09,1998,Los Angeles Clippers
10,33,49,.402,31.0,112.1,115.1,-3.08,1998,Los Angeles Lakers
11,30,52,.366,34.0,110.3,115.8,-5.26,1998,Sacramento Kings
12,Southwest Division,Southwest Division,Southwest Division,Southwest Division,Southwest Division,Southwest Division,Southwest Division,1998,Southwest Division
13,56,26,.683,—,115.6,109.9,5.37,1998,Memphis Grizzlies*
14,52,30,.634,4.0,108.0,104.7,3.12,1998,Dallas Mavericks*
15,36,46,.439,20.0,109.3,110.3,-0.84,1998,New Orleans Pelicans*
16,34,48,.415,22.0,113.2,113.0,0.02,1998,San Antonio Spurs
17,20,62,.244,36.0,109.7,118.2,-8.26,1998,Houston Rockets
0,51,31,.622,—,111.8,104.5,7.02,1999,Boston Celtics*
1,51,31,.622,—,109.9,107.3,2.57,1999,Philadelphia 76ers*
2,48,34,.585,3.0,109.4,107.1,2.38,1999,Toronto Raptors*
3,44,38,.537,7.0,112.9,112.1,0.82,1999,Brooklyn Nets*
4,37,45,.451,14.0,106.5,106.6,-0.01,1999,New York Knicks
5,Central Division,Central Division,Central Division,Central Division,Central Division,Central Division,Central Division,1999,Central Division
6,51,31,.622,—,115.5,112.1,3.22,1999,Milwaukee Bucks*
7,46,36,.561,5.0,111.6,112.0,-0.38,1999,Chicago Bulls*
8,44,38,.537,7.0,107.8,105.7,2.04,1999,Cleveland Cavaliers
9,25,57,.305,26.0,111.5,114.9,-3.26,1999,Indiana Pacers
10,23,59,.280,28.0,104.8,112.5,-7.36,1999,Detroit Pistons
11,Southeast Division,Southeast Division,Southeast Division,Southeast Division,Southeast Division,Southeast Division,Southeast Division,1999,Southeast Division
12,53,29,.646,—,110.0,105.6,4.23,1999,Miami Heat*
13,43,39,.524,10.0,113.9,112.4,1.55,1999,Atlanta Hawks*
14,43,39,.524,10.0,115.3,114.9,0.53,1999,Charlotte Hornets
15,35,47,.427,18.0,108.6,112.0,-3.23,1999,Washington Wizards
16,22,60,.268,31.0,104.2,112.2,-7.67,1999,Orlando Magic
0,Northwest Division,Northwest Division,Northwest Division,Northwest Division,Northwest Division,Northwest Division,Northwest Division,1999,Northwest Division
1,49,33,.598,—,113.6,107.6,5.67,1999,Utah Jazz*
2,48,34,.585,1.0,112.7,110.4,2.16,1999,Denver Nuggets*
3,46,36,.561,3.0,115.9,113.3,2.53,1999,Minnesota Timberwolves*
4,27,55,.329,22.0,106.2,115.1,-8.55,1999,Portland Trail Blazers
5,24,58,.293,25.0,103.7,111.8,-7.90,1999,Oklahoma City Thunder
6,Pacific Division,Pacific Division,Pacific Division,Pacific Division,Pacific Division,Pacific Division,Pacific Division,1999,Pacific Division
7,64,18,.780,—,114.8,107.3,6.94,1999,Phoenix Suns*
8,53,29,.646,11.0,111.0,105.5,5.52,1999,Golden State Warriors*
9,42,40,.512,22.0,108.4,108.4,0.09,1999,Los Angeles Clippers
10,33,49,.402,31.0,112.1,115.1,-3.08,1999,Los Angeles Lakers
11,30,52,.366,34.0,110.3,115.8,-5.26,1999,Sacramento Kings
12,Southwest Division,Southwest Division,Southwest Division,Southwest Division,Southwest Division,Southwest Division,Southwest Division,1999,Southwest Division
13,56,26,.683,—,115.6,109.9,5.37,1999,Memphis Grizzlies*
14,52,30,.634,4.0,108.0,104.7,3.12,1999,Dallas Mavericks*
15,36,46,.439,20.0,109.3,110.3,-0.84,1999,New Orleans Pelicans*
16,34,48,.415,22.0,113.2,113.0,0.02,1999,San Antonio Spurs
17,20,62,.244,36.0,109.7,118.2,-8.26,1999,Houston Rockets
0,51,31,.622,—,111.8,104.5,7.02,2000,Boston Celtics*
1,51,31,.622,—,109.9,107.3,2.57,2000,Philadelphia 76ers*
2,48,34,.585,3.0,109.4,107.1,2.38,2000,Toronto Raptors*
3,44,38,.537,7.0,112.9,112.1,0.82,2000,Brooklyn Nets*
4,37,45,.451,14.0,106.5,106.6,-0.01,2000,New York Knicks
5,Central Division,Central Division,Central Division,Central Division,Central Division,Central Division,Central Division,2000,Central Division
6,51,31,.622,—,115.5,112.1,3.22,2000,Milwaukee Bucks*
7,46,36,.561,5.0,111.6,112.0,-0.38,2000,Chicago Bulls*
8,44,38,.537,7.0,107.8,105.7,2.04,2000,Cleveland Cavaliers
9,25,57,.305,26.0,111.5,114.9,-3.26,2000,Indiana Pacers
10,23,59,.280,28.0,104.8,112.5,-7.36,2000,Detroit Pistons
11,Southeast Division,Southeast Division,Southeast Division,Southeast Division,Southeast Division,Southeast Division,Southeast Division,2000,Southeast Division
12,53,29,.646,—,110.0,105.6,4.23,2000,Miami Heat*
13,43,39,.524,10.0,113.9,112.4,1.55,2000,Atlanta Hawks*
14,43,39,.524,10.0,115.3,114.9,0.53,2000,Charlotte Hornets
15,35,47,.427,18.0,108.6,112.0,-3.23,2000,Washington Wizards
16,22,60,.268,31.0,104.2,112.2,-7.67,2000,Orlando Magic
0,Northwest Division,Northwest Division,Northwest Division,Northwest Division,Northwest Division,Northwest Division,Northwest Division,2000,Northwest Division
1,49,33,.598,—,113.6,107.6,5.67,2000,Utah Jazz*
2,48,34,.585,1.0,112.7,110.4,2.16,2000,Denver Nuggets*
3,46,36,.561,3.0,115.9,113.3,2.53,2000,Minnesota Timberwolves*
4,27,55,.329,22.0,106.2,115.1,-8.55,2000,Portland Trail Blazers
5,24,58,.293,25.0,103.7,111.8,-7.90,2000,Oklahoma City Thunder
6,Pacific Division,Pacific Division,Pacific Division,Pacific Division,Pacific Division,Pacific Division,Pacific Division,2000,Pacific Division
7,64,18,.780,—,114.8,107.3,6.94,2000,Phoenix Suns*
8,53,29,.646,11.0,111.0,105.5,5.52,2000,Golden State Warriors*
9,42,40,.512,22.0,108.4,108.4,0.09,2000,Los Angeles Clippers
10,33,49,.402,31.0,112.1,115.1,-3.08,2000,Los Angeles Lakers
11,30,52,.366,34.0,110.3,115.8,-5.26,2000,Sacramento Kings
12,Southwest Division,Southwest Division,Southwest Division,Southwest Division,Southwest Division,Southwest Division,Southwest Division,2000,Southwest Division
13,56,26,.683,—,115.6,109.9,5.37,2000,Memphis Grizzlies*
14,52,30,.634,4.0,108.0,104.7,3.12,2000,Dallas Mavericks*
15,36,46,.439,20.0,109.3,110.3,-0.84,2000,New Orleans Pelicans*
16,34,48,.415,22.0,113.2,113.0,0.02,2000,San Antonio Spurs
17,20,62,.244,36.0,109.7,118.2,-8.26,2000,Houston Rockets
0,51,31,.622,—,111.8,104.5,7.02,2001,Boston Celtics*
1,51,31,.622,—,109.9,107.3,2.57,2001,Philadelphia 76ers*
2,48,34,.585,3.0,109.4,107.1,2.38,2001,Toronto Raptors*
3,44,38,.537,7.0,112.9,112.1,0.82,2001,Brooklyn Nets*
4,37,45,.451,14.0,106.5,106.6,-0.01,2001,New York Knicks
5,Central Division,Central Division,Central Division,Central Division,Central Division,Central Division,Central Division,2001,Central Division
6,51,31,.622,—,115.5,112.1,3.22,2001,Milwaukee Bucks*
7,46,36,.561,5.0,111.6,112.0,-0.38,2001,Chicago Bulls*
8,44,38,.537,7.0,107.8,105.7,2.04,2001,Cleveland Cavaliers
9,25,57,.305,26.0,111.5,114.9,-3.26,2001,Indiana Pacers
10,23,59,.280,28.0,104.8,112.5,-7.36,2001,Detroit Pistons
11,Southeast Division,Southeast Division,Southeast Division,Southeast Division,Southeast Division,Southeast Division,Southeast Division,2001,Southeast Division
12,53,29,.646,—,110.0,105.6,4.23,2001,Miami Heat*
13,43,39,.524,10.0,113.9,112.4,1.55,2001,Atlanta Hawks*
14,43,39,.524,10.0,115.3,114.9,0.53,2001,Charlotte Hornets
15,35,47,.427,18.0,108.6,112.0,-3.23,2001,Washington Wizards
16,22,60,.268,31.0,104.2,112.2,-7.67,2001,Orlando Magic
0,Northwest Division,Northwest Division,Northwest Division,Northwest Division,Northwest Division,Northwest Division,Northwest Division,2001,Northwest Division
1,49,33,.598,—,113.6,107.6,5.67,2001,Utah Jazz*
2,48,34,.585,1.0,112.7,110.4,2.16,2001,Denver Nuggets*
3,46,36,.561,3.0,115.9,113.3,2.53,2001,Minnesota Timberwolves*
4,27,55,.329,22.0,106.2,115.1,-8.55,2001,Portland Trail Blazers
5,24,58,.293,25.0,103.7,111.8,-7.90,2001,Oklahoma City Thunder
6,Pacific Division,Pacific Division,Pacific Division,Pacific Division,Pacific Division,Pacific Division,Pacific Division,2001,Pacific Division
7,64,18,.780,—,114.8,107.3,6.94,2001,Phoenix Suns*
8,53,29,.646,11.0,111.0,105.5,5.52,2001,Golden State Warriors*
9,42,40,.512,22.0,108.4,108.4,0.09,2001,Los Angeles Clippers
10,33,49,.402,31.0,112.1,115.1,-3.08,2001,Los Angeles Lakers
11,30,52,.366,34.0,110.3,115.8,-5.26,2001,Sacramento Kings
12,Southwest Division,Southwest Division,Southwest Division,Southwest Division,Southwest Division,Southwest Division,Southwest Division,2001,Southwest Division
13,56,26,.683,—,115.6,109.9,5.37,2001,Memphis Grizzlies*
14,52,30,.634,4.0,108.0,104.7,3.12,2001,Dallas Mavericks*
15,36,46,.439,20.0,109.3,110.3,-0.84,2001,New Orleans Pelicans*
16,34,48,.415,22.0,113.2,113.0,0.02,2001,San Antonio Spurs
17,20,62,.244,36.0,109.7,118.2,-8.26,2001,Houston Rockets
0,51,31,.622,—,111.8,104.5,7.02,2002,Boston Celtics*
1,51,31,.622,—,109.9,107.3,2.57,2002,Philadelphia 76ers*
2,48,34,.585,3.0,109.4,107.1,2.38,2002,Toronto Raptors*
3,44,38,.537,7.0,112.9,112.1,0.82,2002,Brooklyn Nets*
4,37,45,.451,14.0,106.5,106.6,-0.01,2002,New York Knicks
5,Central Division,Central Division,Central Division,Central Division,Central Division,Central Division,Central Division,2002,Central Division
6,51,31,.622,—,115.5,112.1,3.22,2002,Milwaukee Bucks*
7,46,36,.561,5.0,111.6,112.0,-0.38,2002,Chicago Bulls*
8,44,38,.537,7.0,107.8,105.7,2.04,2002,Cleveland Cavaliers
9,25,57,.305,26.0,111.5,114.9,-3.26,2002,Indiana Pacers
10,23,59,.280,28.0,104.8,112.5,-7.36,2002,Detroit Pistons
11,Southeast Division,Southeast Division,Southeast Division,Southeast Division,Southeast Division,Southeast Division,Southeast Division,2002,Southeast Division
12,53,29,.646,—,110.0,105.6,4.23,2002,Miami Heat*
13,43,39,.524,10.0,113.9,112.4,1.55,2002,Atlanta Hawks*
14,43,39,.524,10.0,115.3,114.9,0.53,2002,Charlotte Hornets
15,35,47,.427,18.0,108.6,112.0,-3.23,2002,Washington Wizards
16,22,60,.268,31.0,104.2,112.2,-7.67,2002,Orlando Magic
0,Northwest Division,Northwest Division,Northwest Division,Northwest Division,Northwest Division,Northwest Division,Northwest Division,2002,Northwest Division
1,49,33,.598,—,113.6,107.6,5.67,2002,Utah Jazz*
2,48,34,.585,1.0,112.7,110.4,2.16,2002,Denver Nuggets*
3,46,36,.561,3.0,115.9,113.3,2.53,2002,Minnesota Timberwolves*
4,27,55,.329,22.0,106.2,115.1,-8.55,2002,Portland Trail Blazers
5,24,58,.293,25.0,103.7,111.8,-7.90,2002,Oklahoma City Thunder
6,Pacific Division,Pacific Division,Pacific Division,Pacific Division,Pacific Division,Pacific Division,Pacific Division,2002,Pacific Division
7,64,18,.780,—,114.8,107.3,6.94,2002,Phoenix Suns*
8,53,29,.646,11.0,111.0,105.5,5.52,2002,Golden State Warriors*
9,42,40,.512,22.0,108.4,108.4,0.09,2002,Los Angeles Clippers
10,33,49,.402,31.0,112.1,115.1,-3.08,2002,Los Angeles Lakers
11,30,52,.366,34.0,110.3,115.8,-5.26,2002,Sacramento Kings
12,Southwest Division,Southwest Division,Southwest Division,Southwest Division,Southwest Division,Southwest Division,Southwest Division,2002,Southwest Division
13,56,26,.683,—,115.6,109.9,5.37,2002,Memphis Grizzlies*
14,52,30,.634,4.0,108.0,104.7,3.12,2002,Dallas Mavericks*
15,36,46,.439,20.0,109.3,110.3,-0.84,2002,New Orleans Pelicans*
16,34,48,.415,22.0,113.2,113.0,0.02,2002,San Antonio Spurs
17,20,62,.244,36.0,109.7,118.2,-8.26,2002,Houston Rockets
0,51,31,.622,—,111.8,104.5,7.02,2003,Boston Celtics*
1,51,31,.622,—,109.9,107.3,2.57,2003,Philadelphia 76ers*
2,48,34,.585,3.0,109.4,107.1,2.38,2003,Toronto Raptors*
3,44,38,.537,7.0,112.9,112.1,0.82,2003,Brooklyn Nets*
4,37,45,.451,14.0,106.5,106.6,-0.01,2003,New York Knicks
5,Central Division,Central Division,Central Division,Central Division,Central Division,Central Division,Central Division,2003,Central Division
6,51,31,.622,—,115.5,112.1,3.22,2003,Milwaukee Bucks*
7,46,36,.561,5.0,111.6,112.0,-0.38,2003,Chicago Bulls*
8,44,38,.537,7.0,107.8,105.7,2.04,2003,Cleveland Cavaliers
9,25,57,.305,26.0,111.5,114.9,-3.26,2003,Indiana Pacers
10,23,59,.280,28.0,104.8,112.5,-7.36,2003,Detroit Pistons
11,Southeast Division,Southeast Division,Southeast Division,Southeast Division,Southeast Division,Southeast Division,Southeast Division,2003,Southeast Division
12,53,29,.646,—,110.0,105.6,4.23,2003,Miami Heat*
13,43,39,.524,10.0,113.9,112.4,1.55,2003,Atlanta Hawks*
14,43,39,.524,10.0,115.3,114.9,0.53,2003,Charlotte Hornets
15,35,47,.427,18.0,108.6,112.0,-3.23,2003,Washington Wizards
16,22,60,.268,31.0,104.2,112.2,-7.67,2003,Orlando Magic
0,Northwest Division,Northwest Division,Northwest Division,Northwest Division,Northwest Division,Northwest Division,Northwest Division,2003,Northwest Division
1,49,33,.598,—,113.6,107.6,5.67,2003,Utah Jazz*
2,48,34,.585,1.0,112.7,110.4,2.16,2003,Denver Nuggets*
3,46,36,.561,3.0,115.9,113.3,2.53,2003,Minnesota Timberwolves*
4,27,55,.329,22.0,106.2,115.1,-8.55,2003,Portland Trail Blazers
5,24,58,.293,25.0,103.7,111.8,-7.90,2003,Oklahoma City Thunder
6,Pacific Division,Pacific Division,Pacific Division,Pacific Division,Pacific Division,Pacific Division,Pacific Division,2003,Pacific Division
7,64,18,.780,—,114.8,107.3,6.94,2003,Phoenix Suns*
8,53,29,.646,11.0,111.0,105.5,5.52,2003,Golden State Warriors*
9,42,40,.512,22.0,108.4,108.4,0.09,2003,Los Angeles Clippers
10,33,49,.402,31.0,112.1,115.1,-3.08,2003,Los Angeles Lakers
11,30,52,.366,34.0,110.3,115.8,-5.26,2003,Sacramento Kings
12,Southwest Division,Southwest Division,Southwest Division,Southwest Division,Southwest Division,Southwest Division,Southwest Division,2003,Southwest Division
13,56,26,.683,—,115.6,109.9,5.37,2003,Memphis Grizzlies*
14,52,30,.634,4.0,108.0,104.7,3.12,2003,Dallas Mavericks*
15,36,46,.439,20.0,109.3,110.3,-0.84,2003,New Orleans Pelicans*
16,34,48,.415,22.0,113.2,113.0,0.02,2003,San Antonio Spurs
17,20,62,.244,36.0,109.7,118.2,-8.26,2003,Houston Rockets
0,51,31,.622,—,111.8,104.5,7.02,2004,Boston Celtics*
1,51,31,.622,—,109.9,107.3,2.57,2004,Philadelphia 76ers*
2,48,34,.585,3.0,109.4,107.1,2.38,2004,Toronto Raptors*
3,44,38,.537,7.0,112.9,112.1,0.82,2004,Brooklyn Nets*
4,37,45,.451,14.0,106.5,106.6,-0.01,2004,New York Knicks
5,Central Division,Central Division,Central Division,Central Division,Central Division,Central Division,Central Division,2004,Central Division
6,51,31,.622,—,115.5,112.1,3.22,2004,Milwaukee Bucks*
7,46,36,.561,5.0,111.6,112.0,-0.38,2004,Chicago Bulls*
8,44,38,.537,7.0,107.8,105.7,2.04,2004,Cleveland Cavaliers
9,25,57,.305,26.0,111.5,114.9,-3.26,2004,Indiana Pacers
10,23,59,.280,28.0,104.8,112.5,-7.36,2004,Detroit Pistons
11,Southeast Division,Southeast Division,Southeast Division,Southeast Division,Southeast Division,Southeast Division,Southeast Division,2004,Southeast Division
12,53,29,.646,—,110.0,105.6,4.23,2004,Miami Heat*
13,43,39,.524,10.0,113.9,112.4,1.55,2004,Atlanta Hawks*
14,43,39,.524,10.0,115.3,114.9,0.53,2004,Charlotte Hornets
15,35,47,.427,18.0,108.6,112.0,-3.23,2004,Washington Wizards
16,22,60,.268,31.0,104.2,112.2,-7.67,2004,Orlando Magic
0,Northwest Division,Northwest Division,Northwest Division,Northwest Division,Northwest Division,Northwest Division,Northwest Division,2004,Northwest Division
1,49,33,.598,—,113.6,107.6,5.67,2004,Utah Jazz*
2,48,34,.585,1.0,112.7,110.4,2.16,2004,Denver Nuggets*
3,46,36,.561,3.0,115.9,113.3,2.53,2004,Minnesota Timberwolves*
4,27,55,.329,22.0,106.2,115.1,-8.55,2004,Portland Trail Blazers
5,24,58,.293,25.0,103.7,111.8,-7.90,2004,Oklahoma City Thunder
6,Pacific Division,Pacific Division,Pacific Division,Pacific Division,Pacific Division,Pacific Division,Pacific Division,2004,Pacific Division
7,64,18,.780,—,114.8,107.3,6.94,2004,Phoenix Suns*
8,53,29,.646,11.0,111.0,105.5,5.52,2004,Golden State Warriors*
9,42,40,.512,22.0,108.4,108.4,0.09,2004,Los Angeles Clippers
10,33,49,.402,31.0,112.1,115.1,-3.08,2004,Los Angeles Lakers
11,30,52,.366,34.0,110.3,115.8,-5.26,2004,Sacramento Kings
12,Southwest Division,Southwest Division,Southwest Division,Southwest Division,Southwest Division,Southwest Division,Southwest Division,2004,Southwest Division
13,56,26,.683,—,115.6,109.9,5.37,2004,Memphis Grizzlies*
14,52,30,.634,4.0,108.0,104.7,3.12,2004,Dallas Mavericks*
15,36,46,.439,20.0,109.3,110.3,-0.84,2004,New Orleans Pelicans*
16,34,48,.415,22.0,113.2,113.0,0.02,2004,San Antonio Spurs
17,20,62,.244,36.0,109.7,118.2,-8.26,2004,Houston Rockets
0,51,31,.622,—,111.8,104.5,7.02,2005,Boston Celtics*
1,51,31,.622,—,109.9,107.3,2.57,2005,Philadelphia 76ers*
2,48,34,.585,3.0,109.4,107.1,2.38,2005,Toronto Raptors*
3,44,38,.537,7.0,112.9,112.1,0.82,2005,Brooklyn Nets*
4,37,45,.451,14.0,106.5,106.6,-0.01,2005,New York Knicks
5,Central Division,Central Division,Central Division,Central Division,Central Division,Central Division,Central Division,2005,Central Division
6,51,31,.622,—,115.5,112.1,3.22,2005,Milwaukee Bucks*
7,46,36,.561,5.0,111.6,112.0,-0.38,2005,Chicago Bulls*
8,44,38,.537,7.0,107.8,105.7,2.04,2005,Cleveland Cavaliers
9,25,57,.305,26.0,111.5,114.9,-3.26,2005,Indiana Pacers
10,23,59,.280,28.0,104.8,112.5,-7.36,2005,Detroit Pistons
11,Southeast Division,Southeast Division,Southeast Division,Southeast Division,Southeast Division,Southeast Division,Southeast Division,2005,Southeast Division
12,53,29,.646,—,110.0,105.6,4.23,2005,Miami Heat*
13,43,39,.524,10.0,113.9,112.4,1.55,2005,Atlanta Hawks*
14,43,39,.524,10.0,115.3,114.9,0.53,2005,Charlotte Hornets
15,35,47,.427,18.0,108.6,112.0,-3.23,2005,Washington Wizards
16,22,60,.268,31.0,104.2,112.2,-7.67,2005,Orlando Magic
0,Northwest Division,Northwest Division,Northwest Division,Northwest Division,Northwest Division,Northwest Division,Northwest Division,2005,Northwest Division
1,49,33,.598,—,113.6,107.6,5.67,2005,Utah Jazz*
2,48,34,.585,1.0,112.7,110.4,2.16,2005,Denver Nuggets*
3,46,36,.561,3.0,115.9,113.3,2.53,2005,Minnesota Timberwolves*
4,27,55,.329,22.0,106.2,115.1,-8.55,2005,Portland Trail Blazers
5,24,58,.293,25.0,103.7,111.8,-7.90,2005,Oklahoma City Thunder
6,Pacific Division,Pacific Division,Pacific Division,Pacific Division,Pacific Division,Pacific Division,Pacific Division,2005,Pacific Division
7,64,18,.780,—,114.8,107.3,6.94,2005,Phoenix Suns*
8,53,29,.646,11.0,111.0,105.5,5.52,2005,Golden State Warriors*
9,42,40,.512,22.0,108.4,108.4,0.09,2005,Los Angeles Clippers
10,33,49,.402,31.0,112.1,115.1,-3.08,2005,Los Angeles Lakers
11,30,52,.366,34.0,110.3,115.8,-5.26,2005,Sacramento Kings
12,Southwest Division,Southwest Division,Southwest Division,Southwest Division,Southwest Division,Southwest Division,Southwest Division,2005,Southwest Division
13,56,26,.683,—,115.6,109.9,5.37,2005,Memphis Grizzlies*
14,52,30,.634,4.0,108.0,104.7,3.12,2005,Dallas Mavericks*
15,36,46,.439,20.0,109.3,110.3,-0.84,2005,New Orleans Pelicans*
16,34,48,.415,22.0,113.2,113.0,0.02,2005,San Antonio Spurs
17,20,62,.244,36.0,109.7,118.2,-8.26,2005,Houston Rockets
0,51,31,.622,—,111.8,104.5,7.02,2006,Boston Celtics*
1,51,31,.622,—,109.9,107.3,2.57,2006,Philadelphia 76ers*
2,48,34,.585,3.0,109.4,107.1,2.38,2006,Toronto Raptors*
3,44,38,.537,7.0,112.9,112.1,0.82,2006,Brooklyn Nets*
4,37,45,.451,14.0,106.5,106.6,-0.01,2006,New York Knicks
5,Central Division,Central Division,Central Division,Central Division,Central Division,Central Division,Central Division,2006,Central Division
6,51,31,.622,—,115.5,112.1,3.22,2006,Milwaukee Bucks*
7,46,36,.561,5.0,111.6,112.0,-0.38,2006,Chicago Bulls*
8,44,38,.537,7.0,107.8,105.7,2.04,2006,Cleveland Cavaliers
9,25,57,.305,26.0,111.5,114.9,-3.26,2006,Indiana Pacers
10,23,59,.280,28.0,104.8,112.5,-7.36,2006,Detroit Pistons
11,Southeast Division,Southeast Division,Southeast Division,Southeast Division,Southeast Division,Southeast Division,Southeast Division,2006,Southeast Division
12,53,29,.646,—,110.0,105.6,4.23,2006,Miami Heat*
13,43,39,.524,10.0,113.9,112.4,1.55,2006,Atlanta Hawks*
14,43,39,.524,10.0,115.3,114.9,0.53,2006,Charlotte Hornets
15,35,47,.427,18.0,108.6,112.0,-3.23,2006,Washington Wizards
16,22,60,.268,31.0,104.2,112.2,-7.67,2006,Orlando Magic
0,Northwest Division,Northwest Division,Northwest Division,Northwest Division,Northwest Division,Northwest Division,Northwest Division,2006,Northwest Division
1,49,33,.598,—,113.6,107.6,5.67,2006,Utah Jazz*
2,48,34,.585,1.0,112.7,110.4,2.16,2006,Denver Nuggets*
3,46,36,.561,3.0,115.9,113.3,2.53,2006,Minnesota Timberwolves*
4,27,55,.329,22.0,106.2,115.1,-8.55,2006,Portland Trail Blazers
5,24,58,.293,25.0,103.7,111.8,-7.90,2006,Oklahoma City Thunder
6,Pacific Division,Pacific Division,Pacific Division,Pacific Division,Pacific Division,Pacific Division,Pacific Division,2006,Pacific Division
7,64,18,.780,—,114.8,107.3,6.94,2006,Phoenix Suns*
8,53,29,.646,11.0,111.0,105.5,5.52,2006,Golden State Warriors*
9,42,40,.512,22.0,108.4,108.4,0.09,2006,Los Angeles Clippers
10,33,49,.402,31.0,112.1,115.1,-3.08,2006,Los Angeles Lakers
11,30,52,.366,34.0,110.3,115.8,-5.26,2006,Sacramento Kings
12,Southwest Division,Southwest Division,Southwest Division,Southwest Division,Southwest Division,Southwest Division,Southwest Division,2006,Southwest Division
13,56,26,.683,—,115.6,109.9,5.37,2006,Memphis Grizzlies*
14,52,30,.634,4.0,108.0,104.7,3.12,2006,Dallas Mavericks*
15,36,46,.439,20.0,109.3,110.3,-0.84,2006,New Orleans Pelicans*
16,34,48,.415,22.0,113.2,113.0,0.02,2006,San Antonio Spurs
17,20,62,.244,36.0,109.7,118.2,-8.26,2006,Houston Rockets
0,51,31,.622,—,111.8,104.5,7.02,2007,Boston Celtics*
1,51,31,.622,—,109.9,107.3,2.57,2007,Philadelphia 76ers*
2,48,34,.585,3.0,109.4,107.1,2.38,2007,Toronto Raptors*
3,44,38,.537,7.0,112.9,112.1,0.82,2007,Brooklyn Nets*
4,37,45,.451,14.0,106.5,106.6,-0.01,2007,New York Knicks
5,Central Division,Central Division,Central Division,Central Division,Central Division,Central Division,Central Division,2007,Central Division
6,51,31,.622,—,115.5,112.1,3.22,2007,Milwaukee Bucks*
7,46,36,.561,5.0,111.6,112.0,-0.38,2007,Chicago Bulls*
8,44,38,.537,7.0,107.8,105.7,2.04,2007,Cleveland Cavaliers
9,25,57,.305,26.0,111.5,114.9,-3.26,2007,Indiana Pacers
10,23,59,.280,28.0,104.8,112.5,-7.36,2007,Detroit Pistons
11,Southeast Division,Southeast Division,Southeast Division,Southeast Division,Southeast Division,Southeast Division,Southeast Division,2007,Southeast Division
12,53,29,.646,—,110.0,105.6,4.23,2007,Miami Heat*
13,43,39,.524,10.0,113.9,112.4,1.55,2007,Atlanta Hawks*
14,43,39,.524,10.0,115.3,114.9,0.53,2007,Charlotte Hornets
15,35,47,.427,18.0,108.6,112.0,-3.23,2007,Washington Wizards
16,22,60,.268,31.0,104.2,112.2,-7.67,2007,Orlando Magic
0,Northwest Division,Northwest Division,Northwest Division,Northwest Division,Northwest Division,Northwest Division,Northwest Division,2007,Northwest Division
1,49,33,.598,—,113.6,107.6,5.67,2007,Utah Jazz*
2,48,34,.585,1.0,112.7,110.4,2.16,2007,Denver Nuggets*
3,46,36,.561,3.0,115.9,113.3,2.53,2007,Minnesota Timberwolves*
4,27,55,.329,22.0,106.2,115.1,-8.55,2007,Portland Trail Blazers
5,24,58,.293,25.0,103.7,111.8,-7.90,2007,Oklahoma City Thunder
6,Pacific Division,Pacific Division,Pacific Division,Pacific Division,Pacific Division,Pacific Division,Pacific Division,2007,Pacific Division
7,64,18,.780,—,114.8,107.3,6.94,2007,Phoenix Suns*
8,53,29,.646,11.0,111.0,105.5,5.52,2007,Golden State Warriors*
9,42,40,.512,22.0,108.4,108.4,0.09,2007,Los Angeles Clippers
10,33,49,.402,31.0,112.1,115.1,-3.08,2007,Los Angeles Lakers
11,30,52,.366,34.0,110.3,115.8,-5.26,2007,Sacramento Kings
12,Southwest Division,Southwest Division,Southwest Division,Southwest Division,Southwest Division,Southwest Division,Southwest Division,2007,Southwest Division
13,56,26,.683,—,115.6,109.9,5.37,2007,Memphis Grizzlies*
14,52,30,.634,4.0,108.0,104.7,3.12,2007,Dallas Mavericks*
15,36,46,.439,20.0,109.3,110.3,-0.84,2007,New Orleans Pelicans*
16,34,48,.415,22.0,113.2,113.0,0.02,2007,San Antonio Spurs
17,20,62,.244,36.0,109.7,118.2,-8.26,2007,Houston Rockets
0,51,31,.622,—,111.8,104.5,7.02,2008,Boston Celtics*
1,51,31,.622,—,109.9,107.3,2.57,2008,Philadelphia 76ers*
2,48,34,.585,3.0,109.4,107.1,2.38,2008,Toronto Raptors*
3,44,38,.537,7.0,112.9,112.1,0.82,2008,Brooklyn Nets*
4,37,45,.451,14.0,106.5,106.6,-0.01,2008,New York Knicks
5,Central Division,Central Division,Central Division,Central Division,Central Division,Central Division,Central Division,2008,Central Division
6,51,31,.622,—,115.5,112.1,3.22,2008,Milwaukee Bucks*
7,46,36,.561,5.0,111.6,112.0,-0.38,2008,Chicago Bulls*
8,44,38,.537,7.0,107.8,105.7,2.04,2008,Cleveland Cavaliers
9,25,57,.305,26.0,111.5,114.9,-3.26,2008,Indiana Pacers
10,23,59,.280,28.0,104.8,112.5,-7.36,2008,Detroit Pistons
11,Southeast Division,Southeast Division,Southeast Division,Southeast Division,Southeast Division,Southeast Division,Southeast Division,2008,Southeast Division
12,53,29,.646,—,110.0,105.6,4.23,2008,Miami Heat*
13,43,39,.524,10.0,113.9,112.4,1.55,2008,Atlanta Hawks*
14,43,39,.524,10.0,115.3,114.9,0.53,2008,Charlotte Hornets
15,35,47,.427,18.0,108.6,112.0,-3.23,2008,Washington Wizards
16,22,60,.268,31.0,104.2,112.2,-7.67,2008,Orlando Magic
0,Northwest Division,Northwest Division,Northwest Division,Northwest Division,Northwest Division,Northwest Division,Northwest Division,2008,Northwest Division
1,49,33,.598,—,113.6,107.6,5.67,2008,Utah Jazz*
2,48,34,.585,1.0,112.7,110.4,2.16,2008,Denver Nuggets*
3,46,36,.561,3.0,115.9,113.3,2.53,2008,Minnesota Timberwolves*
4,27,55,.329,22.0,106.2,115.1,-8.55,2008,Portland Trail Blazers
5,24,58,.293,25.0,103.7,111.8,-7.90,2008,Oklahoma City Thunder
6,Pacific Division,Pacific Division,Pacific Division,Pacific Division,Pacific Division,Pacific Division,Pacific Division,2008,Pacific Division
7,64,18,.780,—,114.8,107.3,6.94,2008,Phoenix Suns*
8,53,29,.646,11.0,111.0,105.5,5.52,2008,Golden State Warriors*
9,42,40,.512,22.0,108.4,108.4,0.09,2008,Los Angeles Clippers
10,33,49,.402,31.0,112.1,115.1,-3.08,2008,Los Angeles Lakers
11,30,52,.366,34.0,110.3,115.8,-5.26,2008,Sacramento Kings
12,Southwest Division,Southwest Division,Southwest Division,Southwest Division,Southwest Division,Southwest Division,Southwest Division,2008,Southwest Division
13,56,26,.683,—,115.6,109.9,5.37,2008,Memphis Grizzlies*
14,52,30,.634,4.0,108.0,104.7,3.12,2008,Dallas Mavericks*
15,36,46,.439,20.0,109.3,110.3,-0.84,2008,New Orleans Pelicans*
16,34,48,.415,22.0,113.2,113.0,0.02,2008,San Antonio Spurs
17,20,62,.244,36.0,109.7,118.2,-8.26,2008,Houston Rockets
0,51,31,.622,—,111.8,104.5,7.02,2009,Boston Celtics*
1,51,31,.622,—,109.9,107.3,2.57,2009,Philadelphia 76ers*
2,48,34,.585,3.0,109.4,107.1,2.38,2009,Toronto Raptors*
3,44,38,.537,7.0,112.9,112.1,0.82,2009,Brooklyn Nets*
4,37,45,.451,14.0,106.5,106.6,-0.01,2009,New York Knicks
5,Central Division,Central Division,Central Division,Central Division,Central Division,Central Division,Central Division,2009,Central Division
6,51,31,.622,—,115.5,112.1,3.22,2009,Milwaukee Bucks*
7,46,36,.561,5.0,111.6,112.0,-0.38,2009,Chicago Bulls*
8,44,38,.537,7.0,107.8,105.7,2.04,2009,Cleveland Cavaliers
9,25,57,.305,26.0,111.5,114.9,-3.26,2009,Indiana Pacers
10,23,59,.280,28.0,104.8,112.5,-7.36,2009,Detroit Pistons
11,Southeast Division,Southeast Division,Southeast Division,Southeast Division,Southeast Division,Southeast Division,Southeast Division,2009,Southeast Division
12,53,29,.646,—,110.0,105.6,4.23,2009,Miami Heat*
13,43,39,.524,10.0,113.9,112.4,1.55,2009,Atlanta Hawks*
14,43,39,.524,10.0,115.3,114.9,0.53,2009,Charlotte Hornets
15,35,47,.427,18.0,108.6,112.0,-3.23,2009,Washington Wizards
16,22,60,.268,31.0,104.2,112.2,-7.67,2009,Orlando Magic
0,Northwest Division,Northwest Division,Northwest Division,Northwest Division,Northwest Division,Northwest Division,Northwest Division,2009,Northwest Division
1,49,33,.598,—,113.6,107.6,5.67,2009,Utah Jazz*
2,48,34,.585,1.0,112.7,110.4,2.16,2009,Denver Nuggets*
3,46,36,.561,3.0,115.9,113.3,2.53,2009,Minnesota Timberwolves*
4,27,55,.329,22.0,106.2,115.1,-8.55,2009,Portland Trail Blazers
5,24,58,.293,25.0,103.7,111.8,-7.90,2009,Oklahoma City Thunder
6,Pacific Division,Pacific Division,Pacific Division,Pacific Division,Pacific Division,Pacific Division,Pacific Division,2009,Pacific Division
7,64,18,.780,—,114.8,107.3,6.94,2009,Phoenix Suns*
8,53,29,.646,11.0,111.0,105.5,5.52,2009,Golden State Warriors*
9,42,40,.512,22.0,108.4,108.4,0.09,2009,Los Angeles Clippers
10,33,49,.402,31.0,112.1,115.1,-3.08,2009,Los Angeles Lakers
11,30,52,.366,34.0,110.3,115.8,-5.26,2009,Sacramento Kings
12,Southwest Division,Southwest Division,Southwest Division,Southwest Division,Southwest Division,Southwest Division,Southwest Division,2009,Southwest Division
13,56,26,.683,—,115.6,109.9,5.37,2009,Memphis Grizzlies*
14,52,30,.634,4.0,108.0,104.7,3.12,2009,Dallas Mavericks*
15,36,46,.439,20.0,109.3,110.3,-0.84,2009,New Orleans Pelicans*
16,34,48,.415,22.0,113.2,113.0,0.02,2009,San Antonio Spurs
17,20,62,.244,36.0,109.7,118.2,-8.26,2009,Houston Rockets
0,51,31,.622,—,111.8,104.5,7.02,2010,Boston Celtics*
1,51,31,.622,—,109.9,107.3,2.57,2010,Philadelphia 76ers*
2,48,34,.585,3.0,109.4,107.1,2.38,2010,Toronto Raptors*
3,44,38,.537,7.0,112.9,112.1,0.82,2010,Brooklyn Nets*
4,37,45,.451,14.0,106.5,106.6,-0.01,2010,New York Knicks
5,Central Division,Central Division,Central Division,Central Division,Central Division,Central Division,Central Division,2010,Central Division
6,51,31,.622,—,115.5,112.1,3.22,2010,Milwaukee Bucks*
7,46,36,.561,5.0,111.6,112.0,-0.38,2010,Chicago Bulls*
8,44,38,.537,7.0,107.8,105.7,2.04,2010,Cleveland Cavaliers
9,25,57,.305,26.0,111.5,114.9,-3.26,2010,Indiana Pacers
10,23,59,.280,28.0,104.8,112.5,-7.36,2010,Detroit Pistons
11,Southeast Division,Southeast Division,Southeast Division,Southeast Division,Southeast Division,Southeast Division,Southeast Division,2010,Southeast Division
12,53,29,.646,—,110.0,105.6,4.23,2010,Miami Heat*
13,43,39,.524,10.0,113.9,112.4,1.55,2010,Atlanta Hawks*
14,43,39,.524,10.0,115.3,114.9,0.53,2010,Charlotte Hornets
15,35,47,.427,18.0,108.6,112.0,-3.23,2010,Washington Wizards
16,22,60,.268,31.0,104.2,112.2,-7.67,2010,Orlando Magic
0,Northwest Division,Northwest Division,Northwest Division,Northwest Division,Northwest Division,Northwest Division,Northwest Division,2010,Northwest Division
1,49,33,.598,—,113.6,107.6,5.67,2010,Utah Jazz*
2,48,34,.585,1.0,112.7,110.4,2.16,2010,Denver Nuggets*
3,46,36,.561,3.0,115.9,113.3,2.53,2010,Minnesota Timberwolves*
4,27,55,.329,22.0,106.2,115.1,-8.55,2010,Portland Trail Blazers
5,24,58,.293,25.0,103.7,111.8,-7.90,2010,Oklahoma City Thunder
6,Pacific Division,Pacific Division,Pacific Division,Pacific Division,Pacific Division,Pacific Division,Pacific Division,2010,Pacific Division
7,64,18,.780,—,114.8,107.3,6.94,2010,Phoenix Suns*
8,53,29,.646,11.0,111.0,105.5,5.52,2010,Golden State Warriors*
9,42,40,.512,22.0,108.4,108.4,0.09,2010,Los Angeles Clippers
10,33,49,.402,31.0,112.1,115.1,-3.08,2010,Los Angeles Lakers
11,30,52,.366,34.0,110.3,115.8,-5.26,2010,Sacramento Kings
12,Southwest Division,Southwest Division,Southwest Division,Southwest Division,Southwest Division,Southwest Division,Southwest Division,2010,Southwest Division
13,56,26,.683,—,115.6,109.9,5.37,2010,Memphis Grizzlies*
14,52,30,.634,4.0,108.0,104.7,3.12,2010,Dallas Mavericks*
15,36,46,.439,20.0,109.3,110.3,-0.84,2010,New Orleans Pelicans*
16,34,48,.415,22.0,113.2,113.0,0.02,2010,San Antonio Spurs
17,20,62,.244,36.0,109.7,118.2,-8.26,2010,Houston Rockets
0,51,31,.622,—,111.8,104.5,7.02,2011,Boston Celtics*
1,51,31,.622,—,109.9,107.3,2.57,2011,Philadelphia 76ers*
2,48,34,.585,3.0,109.4,107.1,2.38,2011,Toronto Raptors*
3,44,38,.537,7.0,112.9,112.1,0.82,2011,Brooklyn Nets*
4,37,45,.451,14.0,106.5,106.6,-0.01,2011,New York Knicks
5,Central Division,Central Division,Central Division,Central Division,Central Division,Central Division,Central Division,2011,Central Division
6,51,31,.622,—,115.5,112.1,3.22,2011,Milwaukee Bucks*
7,46,36,.561,5.0,111.6,112.0,-0.38,2011,Chicago Bulls*
8,44,38,.537,7.0,107.8,105.7,2.04,2011,Cleveland Cavaliers
9,25,57,.305,26.0,111.5,114.9,-3.26,2011,Indiana Pacers
10,23,59,.280,28.0,104.8,112.5,-7.36,2011,Detroit Pistons
11,Southeast Division,Southeast Division,Southeast Division,Southeast Division,Southeast Division,Southeast Division,Southeast Division,2011,Southeast Division
12,53,29,.646,—,110.0,105.6,4.23,2011,Miami Heat*
13,43,39,.524,10.0,113.9,112.4,1.55,2011,Atlanta Hawks*
14,43,39,.524,10.0,115.3,114.9,0.53,2011,Charlotte Hornets
15,35,47,.427,18.0,108.6,112.0,-3.23,2011,Washington Wizards
16,22,60,.268,31.0,104.2,112.2,-7.67,2011,Orlando Magic
0,Northwest Division,Northwest Division,Northwest Division,Northwest Division,Northwest Division,Northwest Division,Northwest Division,2011,Northwest Division
1,49,33,.598,—,113.6,107.6,5.67,2011,Utah Jazz*
2,48,34,.585,1.0,112.7,110.4,2.16,2011,Denver Nuggets*
3,46,36,.561,3.0,115.9,113.3,2.53,2011,Minnesota Timberwolves*
4,27,55,.329,22.0,106.2,115.1,-8.55,2011,Portland Trail Blazers
5,24,58,.293,25.0,103.7,111.8,-7.90,2011,Oklahoma City Thunder
6,Pacific Division,Pacific Division,Pacific Division,Pacific Division,Pacific Division,Pacific Division,Pacific Division,2011,Pacific Division
7,64,18,.780,—,114.8,107.3,6.94,2011,Phoenix Suns*
8,53,29,.646,11.0,111.0,105.5,5.52,2011,Golden State Warriors*
9,42,40,.512,22.0,108.4,108.4,0.09,2011,Los Angeles Clippers
10,33,49,.402,31.0,112.1,115.1,-3.08,2011,Los Angeles Lakers
11,30,52,.366,34.0,110.3,115.8,-5.26,2011,Sacramento Kings
12,Southwest Division,Southwest Division,Southwest Division,Southwest Division,Southwest Division,Southwest Division,Southwest Division,2011,Southwest Division
13,56,26,.683,—,115.6,109.9,5.37,2011,Memphis Grizzlies*
14,52,30,.634,4.0,108.0,104.7,3.12,2011,Dallas Mavericks*
15,36,46,.439,20.0,109.3,110.3,-0.84,2011,New Orleans Pelicans*
16,34,48,.415,22.0,113.2,113.0,0.02,2011,San Antonio Spurs
17,20,62,.244,36.0,109.7,118.2,-8.26,2011,Houston Rockets
0,51,31,.622,—,111.8,104.5,7.02,2012,Boston Celtics*
1,51,31,.622,—,109.9,107.3,2.57,2012,Philadelphia 76ers*
2,48,34,.585,3.0,109.4,107.1,2.38,2012,Toronto Raptors*
3,44,38,.537,7.0,112.9,112.1,0.82,2012,Brooklyn Nets*
4,37,45,.451,14.0,106.5,106.6,-0.01,2012,New York Knicks
5,Central Division,Central Division,Central Division,Central Division,Central Division,Central Division,Central Division,2012,Central Division
6,51,31,.622,—,115.5,112.1,3.22,2012,Milwaukee Bucks*
7,46,36,.561,5.0,111.6,112.0,-0.38,2012,Chicago Bulls*
8,44,38,.537,7.0,107.8,105.7,2.04,2012,Cleveland Cavaliers
9,25,57,.305,26.0,111.5,114.9,-3.26,2012,Indiana Pacers
10,23,59,.280,28.0,104.8,112.5,-7.36,2012,Detroit Pistons
11,Southeast Division,Southeast Division,Southeast Division,Southeast Division,Southeast Division,Southeast Division,Southeast Division,2012,Southeast Division
12,53,29,.646,—,110.0,105.6,4.23,2012,Miami Heat*
13,43,39,.524,10.0,113.9,112.4,1.55,2012,Atlanta Hawks*
14,43,39,.524,10.0,115.3,114.9,0.53,2012,Charlotte Hornets
15,35,47,.427,18.0,108.6,112.0,-3.23,2012,Washington Wizards
16,22,60,.268,31.0,104.2,112.2,-7.67,2012,Orlando Magic
0,Northwest Division,Northwest Division,Northwest Division,Northwest Division,Northwest Division,Northwest Division,Northwest Division,2012,Northwest Division
1,49,33,.598,—,113.6,107.6,5.67,2012,Utah Jazz*
2,48,34,.585,1.0,112.7,110.4,2.16,2012,Denver Nuggets*
3,46,36,.561,3.0,115.9,113.3,2.53,2012,Minnesota Timberwolves*
4,27,55,.329,22.0,106.2,115.1,-8.55,2012,Portland Trail Blazers
5,24,58,.293,25.0,103.7,111.8,-7.90,2012,Oklahoma City Thunder
6,Pacific Division,Pacific Division,Pacific Division,Pacific Division,Pacific Division,Pacific Division,Pacific Division,2012,Pacific Division
7,64,18,.780,—,114.8,107.3,6.94,2012,Phoenix Suns*
8,53,29,.646,11.0,111.0,105.5,5.52,2012,Golden State Warriors*
9,42,40,.512,22.0,108.4,108.4,0.09,2012,Los Angeles Clippers
10,33,49,.402,31.0,112.1,115.1,-3.08,2012,Los Angeles Lakers
11,30,52,.366,34.0,110.3,115.8,-5.26,2012,Sacramento Kings
12,Southwest Division,Southwest Division,Southwest Division,Southwest Division,Southwest Division,Southwest Division,Southwest Division,2012,Southwest Division
13,56,26,.683,—,115.6,109.9,5.37,2012,Memphis Grizzlies*
14,52,30,.634,4.0,108.0,104.7,3.12,2012,Dallas Mavericks*
15,36,46,.439,20.0,109.3,110.3,-0.84,2012,New Orleans Pelicans*
16,34,48,.415,22.0,113.2,113.0,0.02,2012,San Antonio Spurs
17,20,62,.244,36.0,109.7,118.2,-8.26,2012,Houston Rockets
0,51,31,.622,—,111.8,104.5,7.02,2013,Boston Celtics*
1,51,31,.622,—,109.9,107.3,2.57,2013,Philadelphia 76ers*
2,48,34,.585,3.0,109.4,107.1,2.38,2013,Toronto Raptors*
3,44,38,.537,7.0,112.9,112.1,0.82,2013,Brooklyn Nets*
4,37,45,.451,14.0,106.5,106.6,-0.01,2013,New York Knicks
5,Central Division,Central Division,Central Division,Central Division,Central Division,Central Division,Central Division,2013,Central Division
6,51,31,.622,—,115.5,112.1,3.22,2013,Milwaukee Bucks*
7,46,36,.561,5.0,111.6,112.0,-0.38,2013,Chicago Bulls*
8,44,38,.537,7.0,107.8,105.7,2.04,2013,Cleveland Cavaliers
9,25,57,.305,26.0,111.5,114.9,-3.26,2013,Indiana Pacers
10,23,59,.280,28.0,104.8,112.5,-7.36,2013,Detroit Pistons
11,Southeast Division,Southeast Division,Southeast Division,Southeast Division,Southeast Division,Southeast Division,Southeast Division,2013,Southeast Division
12,53,29,.646,—,110.0,105.6,4.23,2013,Miami Heat*
13,43,39,.524,10.0,113.9,112.4,1.55,2013,Atlanta Hawks*
14,43,39,.524,10.0,115.3,114.9,0.53,2013,Charlotte Hornets
15,35,47,.427,18.0,108.6,112.0,-3.23,2013,Washington Wizards
16,22,60,.268,31.0,104.2,112.2,-7.67,2013,Orlando Magic
0,Northwest Division,Northwest Division,Northwest Division,Northwest Division,Northwest Division,Northwest Division,Northwest Division,2013,Northwest Division
1,49,33,.598,—,113.6,107.6,5.67,2013,Utah Jazz*
2,48,34,.585,1.0,112.7,110.4,2.16,2013,Denver Nuggets*
3,46,36,.561,3.0,115.9,113.3,2.53,2013,Minnesota Timberwolves*
4,27,55,.329,22.0,106.2,115.1,-8.55,2013,Portland Trail Blazers
5,24,58,.293,25.0,103.7,111.8,-7.90,2013,Oklahoma City Thunder
6,Pacific Division,Pacific Division,Pacific Division,Pacific Division,Pacific Division,Pacific Division,Pacific Division,2013,Pacific Division
7,64,18,.780,—,114.8,107.3,6.94,2013,Phoenix Suns*
8,53,29,.646,11.0,111.0,105.5,5.52,2013,Golden State Warriors*
9,42,40,.512,22.0,108.4,108.4,0.09,2013,Los Angeles Clippers
10,33,49,.402,31.0,112.1,115.1,-3.08,2013,Los Angeles Lakers
11,30,52,.366,34.0,110.3,115.8,-5.26,2013,Sacramento Kings
12,Southwest Division,Southwest Division,Southwest Division,Southwest Division,Southwest Division,Southwest Division,Southwest Division,2013,Southwest Division
13,56,26,.683,—,115.6,109.9,5.37,2013,Memphis Grizzlies*
14,52,30,.634,4.0,108.0,104.7,3.12,2013,Dallas Mavericks*
15,36,46,.439,20.0,109.3,110.3,-0.84,2013,New Orleans Pelicans*
16,34,48,.415,22.0,113.2,113.0,0.02,2013,San Antonio Spurs
17,20,62,.244,36.0,109.7,118.2,-8.26,2013,Houston Rockets
0,51,31,.622,—,111.8,104.5,7.02,2014,Boston Celtics*
1,51,31,.622,—,109.9,107.3,2.57,2014,Philadelphia 76ers*
2,48,34,.585,3.0,109.4,107.1,2.38,2014,Toronto Raptors*
3,44,38,.537,7.0,112.9,112.1,0.82,2014,Brooklyn Nets*
4,37,45,.451,14.0,106.5,106.6,-0.01,2014,New York Knicks
5,Central Division,Central Division,Central Division,Central Division,Central Division,Central Division,Central Division,2014,Central Division
6,51,31,.622,—,115.5,112.1,3.22,2014,Milwaukee Bucks*
7,46,36,.561,5.0,111.6,112.0,-0.38,2014,Chicago Bulls*
8,44,38,.537,7.0,107.8,105.7,2.04,2014,Cleveland Cavaliers
9,25,57,.305,26.0,111.5,114.9,-3.26,2014,Indiana Pacers
10,23,59,.280,28.0,104.8,112.5,-7.36,2014,Detroit Pistons
11,Southeast Division,Southeast Division,Southeast Division,Southeast Division,Southeast Division,Southeast Division,Southeast Division,2014,Southeast Division
12,53,29,.646,—,110.0,105.6,4.23,2014,Miami Heat*
13,43,39,.524,10.0,113.9,112.4,1.55,2014,Atlanta Hawks*
14,43,39,.524,10.0,115.3,114.9,0.53,2014,Charlotte Hornets
15,35,47,.427,18.0,108.6,112.0,-3.23,2014,Washington Wizards
16,22,60,.268,31.0,104.2,112.2,-7.67,2014,Orlando Magic
0,Northwest Division,Northwest Division,Northwest Division,Northwest Division,Northwest Division,Northwest Division,Northwest Division,2014,Northwest Division
1,49,33,.598,—,113.6,107.6,5.67,2014,Utah Jazz*
2,48,34,.585,1.0,112.7,110.4,2.16,2014,Denver Nuggets*
3,46,36,.561,3.0,115.9,113.3,2.53,2014,Minnesota Timberwolves*
4,27,55,.329,22.0,106.2,115.1,-8.55,2014,Portland Trail Blazers
5,24,58,.293,25.0,103.7,111.8,-7.90,2014,Oklahoma City Thunder
6,Pacific Division,Pacific Division,Pacific Division,Pacific Division,Pacific Division,Pacific Division,Pacific Division,2014,Pacific Division
7,64,18,.780,—,114.8,107.3,6.94,2014,Phoenix Suns*
8,53,29,.646,11.0,111.0,105.5,5.52,2014,Golden State Warriors*
9,42,40,.512,22.0,108.4,108.4,0.09,2014,Los Angeles Clippers
10,33,49,.402,31.0,112.1,115.1,-3.08,2014,Los Angeles Lakers
11,30,52,.366,34.0,110.3,115.8,-5.26,2014,Sacramento Kings
12,Southwest Division,Southwest Division,Southwest Division,Southwest Division,Southwest Division,Southwest Division,Southwest Division,2014,Southwest Division
13,56,26,.683,—,115.6,109.9,5.37,2014,Memphis Grizzlies*
14,52,30,.634,4.0,108.0,104.7,3.12,2014,Dallas Mavericks*
15,36,46,.439,20.0,109.3,110.3,-0.84,2014,New Orleans Pelicans*
16,34,48,.415,22.0,113.2,113.0,0.02,2014,San Antonio Spurs
17,20,62,.244,36.0,109.7,118.2,-8.26,2014,Houston Rockets
0,51,31,.622,—,111.8,104.5,7.02,2015,Boston Celtics*
1,51,31,.622,—,109.9,107.3,2.57,2015,Philadelphia 76ers*
2,48,34,.585,3.0,109.4,107.1,2.38,2015,Toronto Raptors*
3,44,38,.537,7.0,112.9,112.1,0.82,2015,Brooklyn Nets*
4,37,45,.451,14.0,106.5,106.6,-0.01,2015,New York Knicks
5,Central Division,Central Division,Central Division,Central Division,Central Division,Central Division,Central Division,2015,Central Division
6,51,31,.622,—,115.5,112.1,3.22,2015,Milwaukee Bucks*
7,46,36,.561,5.0,111.6,112.0,-0.38,2015,Chicago Bulls*
8,44,38,.537,7.0,107.8,105.7,2.04,2015,Cleveland Cavaliers
9,25,57,.305,26.0,111.5,114.9,-3.26,2015,Indiana Pacers
10,23,59,.280,28.0,104.8,112.5,-7.36,2015,Detroit Pistons
11,Southeast Division,Southeast Division,Southeast Division,Southeast Division,Southeast Division,Southeast Division,Southeast Division,2015,Southeast Division
12,53,29,.646,—,110.0,105.6,4.23,2015,Miami Heat*
13,43,39,.524,10.0,113.9,112.4,1.55,2015,Atlanta Hawks*
14,43,39,.524,10.0,115.3,114.9,0.53,2015,Charlotte Hornets
15,35,47,.427,18.0,108.6,112.0,-3.23,2015,Washington Wizards
16,22,60,.268,31.0,104.2,112.2,-7.67,2015,Orlando Magic
0,Northwest Division,Northwest Division,Northwest Division,Northwest Division,Northwest Division,Northwest Division,Northwest Division,2015,Northwest Division
1,49,33,.598,—,113.6,107.6,5.67,2015,Utah Jazz*
2,48,34,.585,1.0,112.7,110.4,2.16,2015,Denver Nuggets*
3,46,36,.561,3.0,115.9,113.3,2.53,2015,Minnesota Timberwolves*
4,27,55,.329,22.0,106.2,115.1,-8.55,2015,Portland Trail Blazers
5,24,58,.293,25.0,103.7,111.8,-7.90,2015,Oklahoma City Thunder
6,Pacific Division,Pacific Division,Pacific Division,Pacific Division,Pacific Division,Pacific Division,Pacific Division,2015,Pacific Division
7,64,18,.780,—,114.8,107.3,6.94,2015,Phoenix Suns*
8,53,29,.646,11.0,111.0,105.5,5.52,2015,Golden State Warriors*
9,42,40,.512,22.0,108.4,108.4,0.09,2015,Los Angeles Clippers
10,33,49,.402,31.0,112.1,115.1,-3.08,2015,Los Angeles Lakers
11,30,52,.366,34.0,110.3,115.8,-5.26,2015,Sacramento Kings
12,Southwest Division,Southwest Division,Southwest Division,Southwest Division,Southwest Division,Southwest Division,Southwest Division,2015,Southwest Division
13,56,26,.683,—,115.6,109.9,5.37,2015,Memphis Grizzlies*
14,52,30,.634,4.0,108.0,104.7,3.12,2015,Dallas Mavericks*
15,36,46,.439,20.0,109.3,110.3,-0.84,2015,New Orleans Pelicans*
16,34,48,.415,22.0,113.2,113.0,0.02,2015,San Antonio Spurs
17,20,62,.244,36.0,109.7,118.2,-8.26,2015,Houston Rockets
0,51,31,.622,—,111.8,104.5,7.02,2016,Boston Celtics*
1,51,31,.622,—,109.9,107.3,2.57,2016,Philadelphia 76ers*
2,48,34,.585,3.0,109.4,107.1,2.38,2016,Toronto Raptors*
3,44,38,.537,7.0,112.9,112.1,0.82,2016,Brooklyn Nets*
4,37,45,.451,14.0,106.5,106.6,-0.01,2016,New York Knicks
5,Central Division,Central Division,Central Division,Central Division,Central Division,Central Division,Central Division,2016,Central Division
6,51,31,.622,—,115.5,112.1,3.22,2016,Milwaukee Bucks*
7,46,36,.561,5.0,111.6,112.0,-0.38,2016,Chicago Bulls*
8,44,38,.537,7.0,107.8,105.7,2.04,2016,Cleveland Cavaliers
9,25,57,.305,26.0,111.5,114.9,-3.26,2016,Indiana Pacers
10,23,59,.280,28.0,104.8,112.5,-7.36,2016,Detroit Pistons
11,Southeast Division,Southeast Division,Southeast Division,Southeast Division,Southeast Division,Southeast Division,Southeast Division,2016,Southeast Division
12,53,29,.646,—,110.0,105.6,4.23,2016,Miami Heat*
13,43,39,.524,10.0,113.9,112.4,1.55,2016,Atlanta Hawks*
14,43,39,.524,10.0,115.3,114.9,0.53,2016,Charlotte Hornets
15,35,47,.427,18.0,108.6,112.0,-3.23,2016,Washington Wizards
16,22,60,.268,31.0,104.2,112.2,-7.67,2016,Orlando Magic
0,Northwest Division,Northwest Division,Northwest Division,Northwest Division,Northwest Division,Northwest Division,Northwest Division,2016,Northwest Division
1,49,33,.598,—,113.6,107.6,5.67,2016,Utah Jazz*
2,48,34,.585,1.0,112.7,110.4,2.16,2016,Denver Nuggets*
3,46,36,.561,3.0,115.9,113.3,2.53,2016,Minnesota Timberwolves*
4,27,55,.329,22.0,106.2,115.1,-8.55,2016,Portland Trail Blazers
5,24,58,.293,25.0,103.7,111.8,-7.90,2016,Oklahoma City Thunder
6,Pacific Division,Pacific Division,Pacific Division,Pacific Division,Pacific Division,Pacific Division,Pacific Division,2016,Pacific Division
7,64,18,.780,—,114.8,107.3,6.94,2016,Phoenix Suns*
8,53,29,.646,11.0,111.0,105.5,5.52,2016,Golden State Warriors*
9,42,40,.512,22.0,108.4,108.4,0.09,2016,Los Angeles Clippers
10,33,49,.402,31.0,112.1,115.1,-3.08,2016,Los Angeles Lakers
11,30,52,.366,34.0,110.3,115.8,-5.26,2016,Sacramento Kings
12,Southwest Division,Southwest Division,Southwest Division,Southwest Division,Southwest Division,Southwest Division,Southwest Division,2016,Southwest Division
13,56,26,.683,—,115.6,109.9,5.37,2016,Memphis Grizzlies*
14,52,30,.634,4.0,108.0,104.7,3.12,2016,Dallas Mavericks*
15,36,46,.439,20.0,109.3,110.3,-0.84,2016,New Orleans Pelicans*
16,34,48,.415,22.0,113.2,113.0,0.02,2016,San Antonio Spurs
17,20,62,.244,36.0,109.7,118.2,-8.26,2016,Houston Rockets
0,51,31,.622,—,111.8,104.5,7.02,2017,Boston Celtics*
1,51,31,.622,—,109.9,107.3,2.57,2017,Philadelphia 76ers*
2,48,34,.585,3.0,109.4,107.1,2.38,2017,Toronto Raptors*
3,44,38,.537,7.0,112.9,112.1,0.82,2017,Brooklyn Nets*
4,37,45,.451,14.0,106.5,106.6,-0.01,2017,New York Knicks
5,Central Division,Central Division,Central Division,Central Division,Central Division,Central Division,Central Division,2017,Central Division
6,51,31,.622,—,115.5,112.1,3.22,2017,Milwaukee Bucks*
7,46,36,.561,5.0,111.6,112.0,-0.38,2017,Chicago Bulls*
8,44,38,.537,7.0,107.8,105.7,2.04,2017,Cleveland Cavaliers
9,25,57,.305,26.0,111.5,114.9,-3.26,2017,Indiana Pacers
10,23,59,.280,28.0,104.8,112.5,-7.36,2017,Detroit Pistons
11,Southeast Division,Southeast Division,Southeast Division,Southeast Division,Southeast Division,Southeast Division,Southeast Division,2017,Southeast Division
12,53,29,.646,—,110.0,105.6,4.23,2017,Miami Heat*
13,43,39,.524,10.0,113.9,112.4,1.55,2017,Atlanta Hawks*
14,43,39,.524,10.0,115.3,114.9,0.53,2017,Charlotte Hornets
15,35,47,.427,18.0,108.6,112.0,-3.23,2017,Washington Wizards
16,22,60,.268,31.0,104.2,112.2,-7.67,2017,Orlando Magic
0,Northwest Division,Northwest Division,Northwest Division,Northwest Division,Northwest Division,Northwest Division,Northwest Division,2017,Northwest Division
1,49,33,.598,—,113.6,107.6,5.67,2017,Utah Jazz*
2,48,34,.585,1.0,112.7,110.4,2.16,2017,Denver Nuggets*
3,46,36,.561,3.0,115.9,113.3,2.53,2017,Minnesota Timberwolves*
4,27,55,.329,22.0,106.2,115.1,-8.55,2017,Portland Trail Blazers
5,24,58,.293,25.0,103.7,111.8,-7.90,2017,Oklahoma City Thunder
6,Pacific Division,Pacific Division,Pacific Division,Pacific Division,Pacific Division,Pacific Division,Pacific Division,2017,Pacific Division
7,64,18,.780,—,114.8,107.3,6.94,2017,Phoenix Suns*
8,53,29,.646,11.0,111.0,105.5,5.52,2017,Golden State Warriors*
9,42,40,.512,22.0,108.4,108.4,0.09,2017,Los Angeles Clippers
10,33,49,.402,31.0,112.1,115.1,-3.08,2017,Los Angeles Lakers
11,30,52,.366,34.0,110.3,115.8,-5.26,2017,Sacramento Kings
12,Southwest Division,Southwest Division,Southwest Division,Southwest Division,Southwest Division,Southwest Division,Southwest Division,2017,Southwest Division
13,56,26,.683,—,115.6,109.9,5.37,2017,Memphis Grizzlies*
14,52,30,.634,4.0,108.0,104.7,3.12,2017,Dallas Mavericks*
15,36,46,.439,20.0,109.3,110.3,-0.84,2017,New Orleans Pelicans*
16,34,48,.415,22.0,113.2,113.0,0.02,2017,San Antonio Spurs
17,20,62,.244,36.0,109.7,118.2,-8.26,2017,Houston Rockets
0,51,31,.622,—,111.8,104.5,7.02,2018,Boston Celtics*
1,51,31,.622,—,109.9,107.3,2.57,2018,Philadelphia 76ers*
2,48,34,.585,3.0,109.4,107.1,2.38,2018,Toronto Raptors*
3,44,38,.537,7.0,112.9,112.1,0.82,2018,Brooklyn Nets*
4,37,45,.451,14.0,106.5,106.6,-0.01,2018,New York Knicks
5,Central Division,Central Division,Central Division,Central Division,Central Division,Central Division,Central Division,2018,Central Division
6,51,31,.622,—,115.5,112.1,3.22,2018,Milwaukee Bucks*
7,46,36,.561,5.0,111.6,112.0,-0.38,2018,Chicago Bulls*
8,44,38,.537,7.0,107.8,105.7,2.04,2018,Cleveland Cavaliers
9,25,57,.305,26.0,111.5,114.9,-3.26,2018,Indiana Pacers
10,23,59,.280,28.0,104.8,112.5,-7.36,2018,Detroit Pistons
11,Southeast Division,Southeast Division,Southeast Division,Southeast Division,Southeast Division,Southeast Division,Southeast Division,2018,Southeast Division
12,53,29,.646,—,110.0,105.6,4.23,2018,Miami Heat*
13,43,39,.524,10.0,113.9,112.4,1.55,2018,Atlanta Hawks*
14,43,39,.524,10.0,115.3,114.9,0.53,2018,Charlotte Hornets
15,35,47,.427,18.0,108.6,112.0,-3.23,2018,Washington Wizards
16,22,60,.268,31.0,104.2,112.2,-7.67,2018,Orlando Magic
0,Northwest Division,Northwest Division,Northwest Division,Northwest Division,Northwest Division,Northwest Division,Northwest Division,2018,Northwest Division
1,49,33,.598,—,113.6,107.6,5.67,2018,Utah Jazz*
2,48,34,.585,1.0,112.7,110.4,2.16,2018,Denver Nuggets*
3,46,36,.561,3.0,115.9,113.3,2.53,2018,Minnesota Timberwolves*
4,27,55,.329,22.0,106.2,115.1,-8.55,2018,Portland Trail Blazers
5,24,58,.293,25.0,103.7,111.8,-7.90,2018,Oklahoma City Thunder
6,Pacific Division,Pacific Division,Pacific Division,Pacific Division,Pacific Division,Pacific Division,Pacific Division,2018,Pacific Division
7,64,18,.780,—,114.8,107.3,6.94,2018,Phoenix Suns*
8,53,29,.646,11.0,111.0,105.5,5.52,2018,Golden State Warriors*
9,42,40,.512,22.0,108.4,108.4,0.09,2018,Los Angeles Clippers
10,33,49,.402,31.0,112.1,115.1,-3.08,2018,Los Angeles Lakers
11,30,52,.366,34.0,110.3,115.8,-5.26,2018,Sacramento Kings
12,Southwest Division,Southwest Division,Southwest Division,Southwest Division,Southwest Division,Southwest Division,Southwest Division,2018,Southwest Division
13,56,26,.683,—,115.6,109.9,5.37,2018,Memphis Grizzlies*
14,52,30,.634,4.0,108.0,104.7,3.12,2018,Dallas Mavericks*
15,36,46,.439,20.0,109.3,110.3,-0.84,2018,New Orleans Pelicans*
16,34,48,.415,22.0,113.2,113.0,0.02,2018,San Antonio Spurs
17,20,62,.244,36.0,109.7,118.2,-8.26,2018,Houston Rockets
0,51,31,.622,—,111.8,104.5,7.02,2019,Boston Celtics*
1,51,31,.622,—,109.9,107.3,2.57,2019,Philadelphia 76ers*
2,48,34,.585,3.0,109.4,107.1,2.38,2019,Toronto Raptors*
3,44,38,.537,7.0,112.9,112.1,0.82,2019,Brooklyn Nets*
4,37,45,.451,14.0,106.5,106.6,-0.01,2019,New York Knicks
5,Central Division,Central Division,Central Division,Central Division,Central Division,Central Division,Central Division,2019,Central Division
6,51,31,.622,—,115.5,112.1,3.22,2019,Milwaukee Bucks*
7,46,36,.561,5.0,111.6,112.0,-0.38,2019,Chicago Bulls*
8,44,38,.537,7.0,107.8,105.7,2.04,2019,Cleveland Cavaliers
9,25,57,.305,26.0,111.5,114.9,-3.26,2019,Indiana Pacers
10,23,59,.280,28.0,104.8,112.5,-7.36,2019,Detroit Pistons
11,Southeast Division,Southeast Division,Southeast Division,Southeast Division,Southeast Division,Southeast Division,Southeast Division,2019,Southeast Division
12,53,29,.646,—,110.0,105.6,4.23,2019,Miami Heat*
13,43,39,.524,10.0,113.9,112.4,1.55,2019,Atlanta Hawks*
14,43,39,.524,10.0,115.3,114.9,0.53,2019,Charlotte Hornets
15,35,47,.427,18.0,108.6,112.0,-3.23,2019,Washington Wizards
16,22,60,.268,31.0,104.2,112.2,-7.67,2019,Orlando Magic
0,Northwest Division,Northwest Division,Northwest Division,Northwest Division,Northwest Division,Northwest Division,Northwest Division,2019,Northwest Division
1,49,33,.598,—,113.6,107.6,5.67,2019,Utah Jazz*
2,48,34,.585,1.0,112.7,110.4,2.16,2019,Denver Nuggets*
3,46,36,.561,3.0,115.9,113.3,2.53,2019,Minnesota Timberwolves*
4,27,55,.329,22.0,106.2,115.1,-8.55,2019,Portland Trail Blazers
5,24,58,.293,25.0,103.7,111.8,-7.90,2019,Oklahoma City Thunder
6,Pacific Division,Pacific Division,Pacific Division,Pacific Division,Pacific Division,Pacific Division,Pacific Division,2019,Pacific Division
7,64,18,.780,—,114.8,107.3,6.94,2019,Phoenix Suns*
8,53,29,.646,11.0,111.0,105.5,5.52,2019,Golden State Warriors*
9,42,40,.512,22.0,108.4,108.4,0.09,2019,Los Angeles Clippers
10,33,49,.402,31.0,112.1,115.1,-3.08,2019,Los Angeles Lakers
11,30,52,.366,34.0,110.3,115.8,-5.26,2019,Sacramento Kings
12,Southwest Division,Southwest Division,Southwest Division,Southwest Division,Southwest Division,Southwest Division,Southwest Division,2019,Southwest Division
13,56,26,.683,—,115.6,109.9,5.37,2019,Memphis Grizzlies*
14,52,30,.634,4.0,108.0,104.7,3.12,2019,Dallas Mavericks*
15,36,46,.439,20.0,109.3,110.3,-0.84,2019,New Orleans Pelicans*
16,34,48,.415,22.0,113.2,113.0,0.02,2019,San Antonio Spurs
17,20,62,.244,36.0,109.7,118.2,-8.26,2019,Houston Rockets
0,51,31,.622,—,111.8,104.5,7.02,2020,Boston Celtics*
1,51,31,.622,—,109.9,107.3,2.57,2020,Philadelphia 76ers*
2,48,34,.585,3.0,109.4,107.1,2.38,2020,Toronto Raptors*
3,44,38,.537,7.0,112.9,112.1,0.82,2020,Brooklyn Nets*
4,37,45,.451,14.0,106.5,106.6,-0.01,2020,New York Knicks
5,Central Division,Central Division,Central Division,Central Division,Central Division,Central Division,Central Division,2020,Central Division
6,51,31,.622,—,115.5,112.1,3.22,2020,Milwaukee Bucks*
7,46,36,.561,5.0,111.6,112.0,-0.38,2020,Chicago Bulls*
8,44,38,.537,7.0,107.8,105.7,2.04,2020,Cleveland Cavaliers
9,25,57,.305,26.0,111.5,114.9,-3.26,2020,Indiana Pacers
10,23,59,.280,28.0,104.8,112.5,-7.36,2020,Detroit Pistons
11,Southeast Division,Southeast Division,Southeast Division,Southeast Division,Southeast Division,Southeast Division,Southeast Division,2020,Southeast Division
12,53,29,.646,—,110.0,105.6,4.23,2020,Miami Heat*
13,43,39,.524,10.0,113.9,112.4,1.55,2020,Atlanta Hawks*
14,43,39,.524,10.0,115.3,114.9,0.53,2020,Charlotte Hornets
15,35,47,.427,18.0,108.6,112.0,-3.23,2020,Washington Wizards
16,22,60,.268,31.0,104.2,112.2,-7.67,2020,Orlando Magic
0,Northwest Division,Northwest Division,Northwest Division,Northwest Division,Northwest Division,Northwest Division,Northwest Division,2020,Northwest Division
1,49,33,.598,—,113.6,107.6,5.67,2020,Utah Jazz*
2,48,34,.585,1.0,112.7,110.4,2.16,2020,Denver Nuggets*
3,46,36,.561,3.0,115.9,113.3,2.53,2020,Minnesota Timberwolves*
4,27,55,.329,22.0,106.2,115.1,-8.55,2020,Portland Trail Blazers
5,24,58,.293,25.0,103.7,111.8,-7.90,2020,Oklahoma City Thunder
6,Pacific Division,Pacific Division,Pacific Division,Pacific Division,Pacific Division,Pacific Division,Pacific Division,2020,Pacific Division
7,64,18,.780,—,114.8,107.3,6.94,2020,Phoenix Suns*
8,53,29,.646,11.0,111.0,105.5,5.52,2020,Golden State Warriors*
9,42,40,.512,22.0,108.4,108.4,0.09,2020,Los Angeles Clippers
10,33,49,.402,31.0,112.1,115.1,-3.08,2020,Los Angeles Lakers
11,30,52,.366,34.0,110.3,115.8,-5.26,2020,Sacramento Kings
12,Southwest Division,Southwest Division,Southwest Division,Southwest Division,Southwest Division,Southwest Division,Southwest Division,2020,Southwest Division
13,56,26,.683,—,115.6,109.9,5.37,2020,Memphis Grizzlies*
14,52,30,.634,4.0,108.0,104.7,3.12,2020,Dallas Mavericks*
15,36,46,.439,20.0,109.3,110.3,-0.84,2020,New Orleans Pelicans*
16,34,48,.415,22.0,113.2,113.0,0.02,2020,San Antonio Spurs
17,20,62,.244,36.0,109.7,118.2,-8.26,2020,Houston Rockets
0,51,31,.622,—,111.8,104.5,7.02,2021,Boston Celtics*
1,51,31,.622,—,109.9,107.3,2.57,2021,Philadelphia 76ers*
2,48,34,.585,3.0,109.4,107.1,2.38,2021,Toronto Raptors*
3,44,38,.537,7.0,112.9,112.1,0.82,2021,Brooklyn Nets*
4,37,45,.451,14.0,106.5,106.6,-0.01,2021,New York Knicks
5,Central Division,Central Division,Central Division,Central Division,Central Division,Central Division,Central Division,2021,Central Division
6,51,31,.622,—,115.5,112.1,3.22,2021,Milwaukee Bucks*
7,46,36,.561,5.0,111.6,112.0,-0.38,2021,Chicago Bulls*
8,44,38,.537,7.0,107.8,105.7,2.04,2021,Cleveland Cavaliers
9,25,57,.305,26.0,111.5,114.9,-3.26,2021,Indiana Pacers
10,23,59,.280,28.0,104.8,112.5,-7.36,2021,Detroit Pistons
11,Southeast Division,Southeast Division,Southeast Division,Southeast Division,Southeast Division,Southeast Division,Southeast Division,2021,Southeast Division
12,53,29,.646,—,110.0,105.6,4.23,2021,Miami Heat*
13,43,39,.524,10.0,113.9,112.4,1.55,2021,Atlanta Hawks*
14,43,39,.524,10.0,115.3,114.9,0.53,2021,Charlotte Hornets
15,35,47,.427,18.0,108.6,112.0,-3.23,2021,Washington Wizards
16,22,60,.268,31.0,104.2,112.2,-7.67,2021,Orlando Magic
0,Northwest Division,Northwest Division,Northwest Division,Northwest Division,Northwest Division,Northwest Division,Northwest Division,2021,Northwest Division
1,49,33,.598,—,113.6,107.6,5.67,2021,Utah Jazz*
2,48,34,.585,1.0,112.7,110.4,2.16,2021,Denver Nuggets*
3,46,36,.561,3.0,115.9,113.3,2.53,2021,Minnesota Timberwolves*
4,27,55,.329,22.0,106.2,115.1,-8.55,2021,Portland Trail Blazers
5,24,58,.293,25.0,103.7,111.8,-7.90,2021,Oklahoma City Thunder
6,Pacific Division,Pacific Division,Pacific Division,Pacific Division,Pacific Division,Pacific Division,Pacific Division,2021,Pacific Division
7,64,18,.780,—,114.8,107.3,6.94,2021,Phoenix Suns*
8,53,29,.646,11.0,111.0,105.5,5.52,2021,Golden State Warriors*
9,42,40,.512,22.0,108.4,108.4,0.09,2021,Los Angeles Clippers
10,33,49,.402,31.0,112.1,115.1,-3.08,2021,Los Angeles Lakers
11,30,52,.366,34.0,110.3,115.8,-5.26,2021,Sacramento Kings
12,Southwest Division,Southwest Division,Southwest Division,Southwest Division,Southwest Division,Southwest Division,Southwest Division,2021,Southwest Division
13,56,26,.683,—,115.6,109.9,5.37,2021,Memphis Grizzlies*
14,52,30,.634,4.0,108.0,104.7,3.12,2021,Dallas Mavericks*
15,36,46,.439,20.0,109.3,110.3,-0.84,2021,New Orleans Pelicans*
16,34,48,.415,22.0,113.2,113.0,0.02,2021,San Antonio Spurs
17,20,62,.244,36.0,109.7,118.2,-8.26,2021,Houston Rockets
0,51,31,.622,—,111.8,104.5,7.02,2022,Boston Celtics*
1,51,31,.622,—,109.9,107.3,2.57,2022,Philadelphia 76ers*
2,48,34,.585,3.0,109.4,107.1,2.38,2022,Toronto Raptors*
3,44,38,.537,7.0,112.9,112.1,0.82,2022,Brooklyn Nets*
4,37,45,.451,14.0,106.5,106.6,-0.01,2022,New York Knicks
5,Central Division,Central Division,Central Division,Central Division,Central Division,Central Division,Central Division,2022,Central Division
6,51,31,.622,—,115.5,112.1,3.22,2022,Milwaukee Bucks*
7,46,36,.561,5.0,111.6,112.0,-0.38,2022,Chicago Bulls*
8,44,38,.537,7.0,107.8,105.7,2.04,2022,Cleveland Cavaliers
9,25,57,.305,26.0,111.5,114.9,-3.26,2022,Indiana Pacers
10,23,59,.280,28.0,104.8,112.5,-7.36,2022,Detroit Pistons
11,Southeast Division,Southeast Division,Southeast Division,Southeast Division,Southeast Division,Southeast Division,Southeast Division,2022,Southeast Division
12,53,29,.646,—,110.0,105.6,4.23,2022,Miami Heat*
13,43,39,.524,10.0,113.9,112.4,1.55,2022,Atlanta Hawks*
14,43,39,.524,10.0,115.3,114.9,0.53,2022,Charlotte Hornets
15,35,47,.427,18.0,108.6,112.0,-3.23,2022,Washington Wizards
16,22,60,.268,31.0,104.2,112.2,-7.67,2022,Orlando Magic
0,Northwest Division,Northwest Division,Northwest Division,Northwest Division,Northwest Division,Northwest Division,Northwest Division,2022,Northwest Division
1,49,33,.598,—,113.6,107.6,5.67,2022,Utah Jazz*
2,48,34,.585,1.0,112.7,110.4,2.16,2022,Denver Nuggets*
3,46,36,.561,3.0,115.9,113.3,2.53,2022,Minnesota Timberwolves*
4,27,55,.329,22.0,106.2,115.1,-8.55,2022,Portland Trail Blazers
5,24,58,.293,25.0,103.7,111.8,-7.90,2022,Oklahoma City Thunder
6,Pacific Division,Pacific Division,Pacific Division,Pacific Division,Pacific Division,Pacific Division,Pacific Division,2022,Pacific Division
7,64,18,.780,—,114.8,107.3,6.94,2022,Phoenix Suns*
8,53,29,.646,11.0,111.0,105.5,5.52,2022,Golden State Warriors*
9,42,40,.512,22.0,108.4,108.4,0.09,2022,Los Angeles Clippers
10,33,49,.402,31.0,112.1,115.1,-3.08,2022,Los Angeles Lakers
11,30,52,.366,34.0,110.3,115.8,-5.26,2022,Sacramento Kings
12,Southwest Division,Southwest Division,Southwest Division,Southwest Division,Southwest Division,Southwest Division,Southwest Division,2022,Southwest Division
13,56,26,.683,—,115.6,109.9,5.37,2022,Memphis Grizzlies*
14,52,30,.634,4.0,108.0,104.7,3.12,2022,Dallas Mavericks*
15,36,46,.439,20.0,109.3,110.3,-0.84,2022,New Orleans Pelicans*
16,34,48,.415,22.0,113.2,113.0,0.02,2022,San Antonio Spurs
17,20,62,.244,36.0,109.7,118.2,-8.26,2022,Houston Rockets
